Workbook

Sheet 选手工资
A1: 选手 | B1: 初始工资 | C1: 0507 | D1: 0508 | E1: 0509 | F1: 0510 | G1: 0511 | H1: 0512 | I1: 0514 | J1: 0515 | K1: 0516建议 | L1: 0517 | M1: 0518
A2: xian | B2: 7.5 | C2: 10.5 | D2: 10.5 | E2: 10.5 | F2: 10.5 | G2: 10.5 | H2: 11 | I2: 11 | J2: 10.5 | K2: 10 | L2: 10.5 | M2: 11
A3: 马忠 | B3: 8 | C3: 8.5 | D3: 8 | E3: 8 | F3: 8 | G3: 8.5 | H3: 8.5 | I3: 9 | J3: 9.5 | K3: 9.5 | L3: 9.5 | M3: 9.5
A4: 郝哥 | B4: 7.5 | C4: 7.5 | D4: 8.5 | E4: 9.5 | F4: 9.5 | G4: 9.5 | H4: 9.5 | I4: 8.5 | J4: 8.5 | K4: 8 | L4: 8 | M4: 8
A5: 白给 | B5: 7 | C5: 7 | D5: 7 | E5: 7 | F5: 7 | G5: 7 | H5: 8 | I5: 8 | J5: 8 | K5: 8 | L5: 8 | M5: 8
A6: 小孩 | B6: 6 | C6: 5.5 | D6: 7 | E6: 8 | F6: 7.5 | G6: 7.5 | H6: 7 | I6: 7 | J6: 8 | K6: 7.5 | L6: 7 | M6: 6.5
A7: 机器人 | B7: 5 | C7: 5 | D7: 5.5 | E7: 5.5 | F7: 6.5 | G7: 5.5 | H7: 5.5 | I7: 6.5 | J7: 7 | K7: 7.5 | L7: 7.5 | M7: 6.5
A8: D | B8: 10 | C8: 9.5 | D8: 8.5 | E8: 7.5 | F8: 8.5 | G8: 9 | H8: 8 | I8: 7 | J8: 6.5 | K8: 7.5 | L8: 7 | M8: 8
A9: 博洋 | B9: 5.5 | C9: 6.5 | D9: 7.5 | E9: 7.5 | F9: 7.5 | G9: 7.5 | H9: 7 | I9: 7 | J9: 6.5 | K9: 6 | L9: 5.5 | M9: 5.5
A10: 关羽 | B10: 7.5 | C10: 8 | D10: 8.5 | E10: 8.5 | F10: 7.5 | G10: 7.5 | H10: 7.5 | I10: 6.5 | J10: 6.5 | K10: 6.5 | L10: 7 | M10: 6.5
A11: 老虎 | B11: 4.5 | C11: 5 | D11: 5.5 | E11: 6.5 | F11: 7 | G11: 6.5 | H11: 6.5 | I11: 6 | J11: 6 | K11: 6.5 | L11: 6.5 | M11: 6.5
A12: jin | B12: 6.5 | C12: 6.5 | D12: 6 | E12: 5 | F12: 6 | G12: 6 | H12: 6 | I12: 6 | J12: 6 | K12: 6.5 | L12: 6 | M12: 6.5
A13: 猪猪 | B13: 3 | C13: 4 | D13: 5 | E13: 5 | F13: 5 | G13: 5 | H13: 6 | I13: 6 | J13: 6 | K13: 6.5 | L13: 6.5 | M13: 6.5
... A30: 小队 | B30: 2 | C30: 2 | D30: 1.5 | E30: 2.5 | F30: 2.5 | G30: 2 | H30: 1.5 | I30: 2 | J30: 2 | K30: 2 | L30: 1.5 | M30: 2.5
A31: 老王 | B31: 2 | J31: 2 | K31: 1.5 | L31: 2 | M31: 1.5
A32: 小刘 | B32: 1 | J32: 1 | K32: 2 | L32: 2.5 | M32: 2

Sheet 260505-1
A1: 日期 | B1: 场次 | C1: 阵营 | D1: 结果 | E1: 队伍击杀 | F1: 选手 | G1: 选手工资 | H1: 英雄 | I1: 位置 | J1: 等级 | K1: K | L1: D | M1: A | N1: 参战率 | O1: 输出占比 | P1: 财产 | Q1: 正补 | R1: 反补 | S1: GPM | T1: XPM | U1: 赏金神符 | V1: 治疗 | W1: 英雄伤害 | X1: 建筑伤害 | Y1: 承伤减免前 | Z1: 伤害减免比例 | AA1: 死亡损失金钱 | AB1: 死亡时间 | AC1: 挑选顺位 | AD1: 10分钟财产 | AE1: 10分钟等级 | AF1: 辅助道具金钱 | AG1: 堆野数 | AH1: 反眼数
A2: 260505 | B2: 1 | C2: 夜魇 | D2: 胜 | E2: 47 | F2: xian | G2: 7.5 | H2: 帕克 | I2: 2 | J2: 28 | K2: 22 | L2: 3 | M2: 17 | N2: 0.83 | O2: 0.388 | P2: 36027 | Q2: 399 | R2: 15 | S2: 761 | T2: 1027 | U2: 7 | V2: 106 | W2: 104915 | X2: 11628 | Y2: 66052 | Z2: 0.508 | AA2: 1639 | AB2: 0.16041667 | AC2: 4 | AD2: 4161 | AE2: 8 | AF2: 180 | AG2: 2 | AH2: 2
A3: 260505 | B3: 1 | C3: 夜魇 | D3: 胜 | E3: 47 | F3: 老虎 | G3: 4.5 | H3: 沉默术士 | I3: 5 | J3: 23 | K3: 4 | L3: 9 | M3: 32 | N3: 0.766 | O3: 0.09 | P3: 16637 | Q3: 65 | R3: 1 | S3: 355 | T3: 603 | U3: 2 | V3: 0 | W3: 24220 | X3: 1497 | Y3: 50639 | Z3: 0.49 | AA3: 1006 | AB3: 0.24305556 | AC3: 7 | AD3: 2264 | AE3: 5 | AF3: 1100 | AG3: 0 | AH3: 9
A4: 260505 | B4: 1 | C4: 夜魇 | D4: 胜 | E4: 47 | F4: 机器猫 | G4: 4 | H4: 破晓辰星 | I4: 3 | J4: 28 | K4: 9 | L4: 7 | M4: 24 | N4: 0.702 | O4: 0.185 | P4: 25961 | Q4: 361 | R4: 0 | S4: 607 | T4: 1044 | U4: 1 | V4: 8496 | W4: 49924 | X4: 7935 | Y4: 104990 | Z4: 0.538 | AA4: 1744 | AB4: 0.22361111 | AC4: 3 | AD4: 3493 | AE4: 6 | AF4: 130 | AG4: 0 | AH4: 1
A5: 260505 | B5: 1 | C5: 夜魇 | D5: 胜 | E5: 47 | F5: 博洋 | G5: 5.5 | H5: 编织者 | I5: 1 | J5: 27 | K5: 7 | L5: 8 | M5: 13 | N5: 0.426 | O5: 0.199 | P5: 27056 | Q5: 412 | R5: 6 | S5: 597 | T5: 846 | U5: 1 | V5: 0 | W5: 53882 | X5: 3443 | Y5: 96703 | Z5: 0.499 | AA5: 2292 | AB5: 0.32152778 | AC5: 8 | AD5: 3424 | AE5: 5 | AF5: 80 | AG5: 2 | AH5: 1
A6: 260505 | B6: 1 | C6: 夜魇 | D6: 胜 | E6: 47 | F6: valar | G6: 5.5 | H6: 小小 | I6: 4 | J6: 24 | K6: 4 | L6: 5 | M6: 32 | N6: 0.766 | O6: 0.139 | P6: 14787 | Q6: 68 | R6: 3 | S6: 337 | T6: 612 | U6: 3 | V6: 0 | W6: 37470 | X6: 1924 | Y6: 61566 | Z6: 0.402 | AA6: 758 | AB6: 0.17708333 | AC6: 10 | AD6: 1615 | AE6: 5 | AF6: 1980 | AG6: 2 | AH6: 7
A7: 260505 | B7: 1 | C7: 天辉 | D7: 负 | E7: 32 | F7: ldxy | G7: 8 | H7: 虚无之灵 | I7: 2 | J7: 27 | K7: 12 | L7: 8 | M7: 12 | N7: 0.75 | O7: 0.247 | P7: 23869 | Q7: 364 | R7: 13 | S7: 572 | T7: 894 | U7: 5 | V7: 0 | W7: 47380 | X7: 645 | Y7: 108592 | Z7: 0.566 | AA7: 2102 | AB7: 0.27361111 | AC7: 6 | AD7: 3201 | AE7: 8 | AF7: 370 | AG7: 0 | AH7: 1
A8: 260505 | B8: 1 | C8: 天辉 | D8: 负 | E8: 32 | F8: D | G8: 10 | H8: 德鲁伊 | I8: 1 | J8: 24 | K8: 8 | L8: 2 | M8: 10 | N8: 0.563 | O8: 0.385 | P8: 35934 | Q8: 627 | R8: 2 | S8: 716 | T8: 658 | U8: 2 | V8: 0 | W8: 73917 | X8: 4579 | Y8: 184578 | Z8: 0.457 | AA8: 1005 | AB8: 0.12916667 | AC8: 9 | AD8: 4216 | AE8: 7 | AF8: 0 | AG8: 2 | AH8: 2
A9: 260505 | B9: 1 | C9: 天辉 | D9: 负 | E9: 32 | F9: 记者 | G9: 5.5 | H9: 全能骑士 | I9: 3 | J9: 23 | K9: 5 | L9: 11 | M9: 14 | N9: 0.594 | O9: 0.17 | P9: 17644 | Q9: 244 | R9: 20 | S9: 399 | T9: 595 | U9: 2 | V9: 4835 | W9: 32615 | X9: 994 | Y9: 101283 | Z9: 0.479 | AA9: 3165 | AB9: 0.39930556 | AC9: 5 | AD9: 3672 | AE9: 6 | AF9: 0 | AG9: 0 | AH9: 3
A10: 260505 | B10: 1 | C10: 天辉 | D10: 负 | E10: 32 | F10: 小队 | G10: 2 | H10: 电炎绝手 | I10: 5 | J10: 18 | K10: 4 | L10: 9 | M10: 16 | N10: 0.625 | O10: 0.086 | P10: 13266 | Q10: 76 | R10: 1 | S10: 308 | T10: 372 | U10: 2 | V10: 4742 | W10: 16448 | X10: 189 | Y10: 51471 | Z10: 0.434 | AA10: 1309 | AB10: 0.27291667 | AC10: 2 | AD10: 1709 | AE10: 6 | AF10: 1520 | AG10: 0 | AH10: 9
A11: 260505 | B11: 1 | C11: 天辉 | D11: 负 | E11: 32 | F11: xinq | G11: 3 | H11: 司夜刺客 | I11: 4 | J11: 21 | K11: 3 | L11: 18 | M11: 15 | N11: 0.563 | O11: 0.113 | P11: 10344 | Q11: 22 | R11: 1 | S11: 277 | T11: 472 | U11: 2 | V11: 0 | W11: 21762 | X11: 0 | Y11: 81604 | Z11: 0.495 | AA11: 1914 | AB11: 0.51319444 | AC11: 1 | AD11: 1296 | AE11: 5 | AF11: 850 | AG11: 2 | AH11: 5
A14: 比赛ID | B14: 8798951370
A15: 比赛时长 | B15: 51：45

Sheet 260505-2
A1: 日期 | B1: 场次 | C1: 阵营 | D1: 结果 | E1: 队伍击杀 | F1: 选手 | G1: 选手工资 | H1: 英雄 | I1: 位置 | J1: 等级 | K1: K | L1: D | M1: A | N1: 参战率 | O1: 输出占比 | P1: 财产 | Q1: 正补 | R1: 反补 | S1: GPM | T1: XPM | U1: 赏金神符 | V1: 治疗 | W1: 英雄伤害 | X1: 建筑伤害 | Y1: 承伤减免前 | Z1: 伤害减免比例 | AA1: 死亡损失金钱 | AB1: 死亡时间 | AC1: 挑选顺位 | AD1: 10分钟财产 | AE1: 10分钟等级 | AF1: 辅助道具金钱 | AG1: 堆野数 | AH1: 反眼数
A2: 260505 | B2: 2 | C2: 天辉 | D2: 胜 | E2: 36 | F2: 博洋 | G2: 5.5 | H2: 主宰 | I2: 1 | J2: 25 | K2: 12 | L2: 4 | M2: 11 | N2: 0.639 | O2: 0.318 | P2: 29477 | Q2: 435 | R2: 5 | S2: 744 | T2: 878 | U2: 2 | V2: 17731 | W2: 45321 | X2: 16646 | Y2: 39358 | Z2: 0.467 | AA2: 1312 | AB2: 0.15625 | AC2: 5 | AD2: 4307 | AE2: 7 | AF2: 0 | AG2: 2 | AH2: 0
A3: 260505 | B3: 2 | C3: 天辉 | D3: 胜 | E3: 36 | F3: xian | G3: 7.5 | H3: 虚无之灵 | I3: 2 | J3: 25 | K3: 16 | L3: 2 | M3: 13 | N3: 0.806 | O3: 0.309 | P3: 26879 | Q3: 325 | R3: 10 | S3: 689 | T3: 853 | U3: 6 | V3: 0 | W3: 43978 | X3: 8718 | Y3: 58323 | Z3: 0.51 | AA3: 675 | AB3: 0.084722222 | AC3: 2 | AD3: 3256 | AE3: 7 | AF3: 130 | AG3: 1 | AH3: 0
A4: 260505 | B4: 2 | C4: 天辉 | D4: 胜 | E4: 36 | F4: 记者 | G4: 4.5 | H4: 全能骑士 | I4: 3 | J4: 21 | K4: 4 | L4: 5 | M4: 10 | N4: 0.389 | O4: 0.157 | P4: 17223 | Q4: 170 | R4: 3 | S4: 436 | T4: 616 | U4: 0 | V4: 3329 | W4: 22332 | X4: 3930 | Y4: 47941 | Z4: 0.446 | AA4: 1110 | AB4: 0.15555556 | AC4: 6 | AD4: 3082 | AE4: 6 | AF4: 80 | AG4: 0 | AH4: 0
A5: 260505 | B5: 2 | C5: 天辉 | D5: 胜 | E5: 36 | F5: 老虎 | G5: 4.5 | H5: 干扰者 | I5: 5 | J5: 18 | K5: 4 | L5: 8 | M5: 21 | N5: 0.694 | O5: 0.099 | P5: 14099 | Q5: 46 | R5: 0 | S5: 354 | T5: 447 | U5: 1 | V5: 0 | W5: 14146 | X5: 140 | Y5: 25944 | Z5: 0.467 | AA5: 1521 | AB5: 0.22430556 | AC5: 1 | AD5: 2546 | AE5: 5 | AF5: 950 | AG5: 1 | AH5: 5
A6: 260505 | B6: 2 | C6: 天辉 | D6: 胜 | E6: 36 | F6: 教练 | G6: 6 | H6: 森海飞霞 | I6: 4 | J6: 20 | K6: 0 | L6: 4 | M6: 24 | N6: 0.667 | O6: 0.117 | P6: 12186 | Q6: 57 | R6: 2 | S6: 326 | T6: 530 | U6: 5 | V6: 5209 | W6: 16726 | X6: 429 | Y6: 20596 | Z6: 0.381 | AA6: 237 | AB6: 0.078472222 | AC6: 9 | AD6: 1590 | AE6: 5 | AF6: 1830 | AG6: 1 | AH6: 10
A7: 260505 | B7: 2 | C7: 夜魇 | D7: 负 | E7: 23 | F7: ldxy | G7: 8 | H7: 瘟疫法师 | I7: 2 | J7: 21 | K7: 13 | L7: 10 | M7: 3 | N7: 0.696 | O7: 0.402 | P7: 18588 | Q7: 299 | R7: 4 | S7: 551 | T7: 581 | U7: 1 | V7: 4085 | W7: 42145 | X7: 1299 | Y7: 66879 | Z7: 0.428 | AA7: 2948 | AB7: 0.37847222 | AC7: 7 | AD7: 5147 | AE7: 9 | AF7: 1000 | AG7: 4 | AH7: 4
A8: 260505 | B8: 2 | C8: 夜魇 | D8: 负 | E8: 23 | F8: D | G8: 10 | H8: 德鲁伊 | I8: 1 | J8: 23 | K8: 5 | L8: 0 | M8: 9 | N8: 0.609 | O8: 0.199 | P8: 29734 | Q8: 488 | R8: 9 | S8: 726 | T8: 744 | U8: 2 | V8: 0 | W8: 20801 | X8: 6991 | Y8: 81751 | Z8: 0.446 | AA8: 0 | AB8: 0 | AC8: 10 | AD8: 4630 | AE8: 8 | AF8: 0 | AG8: 0 | AH8: 2
A9: 260505 | B9: 2 | C9: 夜魇 | D9: 负 | E9: 23 | F9: valar | G9: 5.5 | H9: 潮汐猎人 | I9: 3 | J9: 22 | K9: 2 | L9: 8 | M9: 11 | N9: 0.565 | O9: 0.225 | P9: 17025 | Q9: 271 | R9: 2 | S9: 448 | T9: 628 | U9: 2 | V9: 0 | W9: 23539 | X9: 314 | Y9: 77516 | Z9: 0.607 | AA9: 1434 | AB9: 0.23263889 | AC9: 4 | AD9: 3685 | AE9: 6 | AF9: 0 | AG9: 4 | AH9: 3
A10: 260505 | B10: 2 | C10: 夜魇 | D10: 负 | E10: 23 | F10: 小队 | G10: 2 | H10: 沉默术士 | I10: 5 | J10: 17 | K10: 2 | L10: 6 | M10: 10 | N10: 0.522 | O10: 0.078 | P10: 9356 | Q10: 40 | R10: 4 | S10: 271 | T10: 397 | U10: 1 | V10: 0 | W10: 8183 | X10: 0 | Y10: 17560 | Z10: 0.409 | AA10: 532 | AB10: 0.15138889 | AC10: 3 | AD10: 1778 | AE10: 5 | AF10: 450 | AG10: 2 | AH10: 5
A11: 260505 | B11: 2 | C11: 夜魇 | D11: 负 | E11: 23 | F11: xinq | G11: 3 | H11: 莱恩 | I11: 4 | J11: 18 | K11: 1 | L11: 12 | M11: 8 | N11: 0.391 | O11: 0.096 | P11: 10122 | Q11: 46 | R11: 2 | S11: 299 | T11: 423 | U11: 1 | V11: 0 | W11: 10080 | X11: 141 | Y11: 30864 | Z11: 0.415 | AA11: 1092 | AB11: 0.27847222 | AC11: 8 | AD11: 1679 | AE11: 5 | AF11: 930 | AG11: 0 | AH11: 9
A14: 比赛ID | B14: 8799030762
A15: 比赛时长 | B15: 41：31

Sheet 260506-1
A1: 日期 | B1: 场次 | C1: 阵营 | D1: 结果 | E1: 队伍击杀 | F1: 选手 | G1: 选手工资 | H1: 英雄 | I1: 位置 | J1: 等级 | K1: K | L1: D | M1: A | N1: 参战率 | O1: 输出占比 | P1: 财产 | Q1: 正补 | R1: 反补 | S1: GPM | T1: XPM | U1: 赏金神符 | V1: 治疗 | W1: 前哨 | X1: 英雄伤害 | Y1: 建筑伤害 | Z1: 承伤减免前 | AA1: 伤害减免比例 | AB1: 死亡损失金钱 | AC1: 死亡时间 | AD1: 挑选顺位 | AE1: 10分钟财产 | AF1: 10分钟等级 | AG1: 辅助道具金钱 | AH1: 堆野数 | AI1: 反眼数
A2: 260506 | B2: 1 | C2: 天辉 | D2: 胜 | E2: 35 | F2: D | G2: 10 | H2: 沙王 | I2: 2 | J2: 22 | K2: 14 | L2: 4 | M2: 14 | N2: 0.8 | O2: 0.314 | P2: 22048 | Q2: 346 | R2: 0 | S2: 719 | T2: 889 | U2: 3 | V2: 0 | W2: 0 | X2: 28522 | Y2: 533 | Z2: 25513 | AA2: 0.449 | AB2: 391 | AC2: 0.071527778 | AD2: 9 | AE2: 5071 | AF2: 9 | AG2: 200 | AH2: 1 | AI2: 3
A3: 260506 | B3: 1 | C3: 天辉 | D3: 胜 | E3: 35 | F3: xian | G3: =VLOOKUP(F3,选手工资!A4:B31,2,FALSE) -> #N/A | H3: 小小 | I3: 1 | J3: 22 | K3: 14 | L3: 1 | M3: 11 | N3: 0.714 | O3: 0.327 | P3: 21250 | Q3: 336 | R3: 10 | S3: 699 | T3: 833 | U3: 2 | V3: 0 | W3: 0 | X3: 29732 | Y3: 7271 | Z3: 34770 | AA3: 0.365 | AB3: 19 | AC3: 0.0125 | AD3: 2 | AE3: 4899 | AF3: 8 | AG3: 0 | AH3: 0 | AI3: 0
A4: 260506 | B4: 1 | C4: 天辉 | D4: 胜 | E4: 35 | F4: 记者 | G4: =VLOOKUP(F4,选手工资!A2:B29,2,FALSE) -> 4.5 | H4: 全能骑士 | I4: 3 | J4: 16 | K4: 2 | L4: 3 | M4: 15 | N4: 0.486 | O4: 0.113 | P4: 11919 | Q4: 178 | R4: 6 | S4: 380 | T4: 465 | U4: 3 | V4: 3924 | W4: 1 | X4: 10310 | Y4: 1319 | Z4: 31681 | AA4: 0.423 | AB4: 261 | AC4: 0.049305556 | AD4: 5 | AE4: 3125 | AF4: 6 | AG4: 0 | AH4: 0 | AI4: 0
A5: 260506 | B5: 1 | C5: 天辉 | D5: 胜 | E5: 35 | F5: 小队 | G5: =VLOOKUP(F5,选手工资!A1:B28,2,FALSE) -> #N/A | H5: 干扰者 | I5: 5 | J5: 15 | K5: 1 | L5: 5 | M5: 21 | N5: 0.629 | O5: 0.073 | P5: 7287 | Q5: 16 | R5: 0 | S5: 258 | T5: 425 | U5: 2 | V5: 0 | W5: 0 | X5: 6642 | Y5: 16 | Z5: 14809 | AA5: 0.311 | AB5: 256 | AC5: 0.067361111 | AD5: 1 | AE5: 1785 | AF5: 5 | AG5: 400 | AH5: 7 | AI5: 3
A6: 260506 | B6: 1 | C6: 天辉 | D6: 胜 | E6: 35 | F6: 教练 | G6: =VLOOKUP(F6,选手工资!A5:B32,2,FALSE) -> 6 | H6: 莉娜 | I6: 4 | J6: 17 | K6: 4 | L6: 5 | M6: 18 | N6: 0.629 | O6: 0.173 | P6: 12144 | Q6: 81 | R6: 2 | S6: 367 | T6: 552 | U6: 0 | V6: 0 | W6: 0 | X6: 15758 | Y6: 1533 | Z6: 15420 | AA6: 0.318 | AB6: 150 | AC6: 0.079166667 | AD6: 6 | AE6: 1722 | AF6: 5 | AG6: 450 | AH6: 2 | AI6: 5
A7: 260506 | B7: 1 | C7: 夜魇 | D7: 负 | E7: 18 | F7: ldxy | G7: 8 | H7: 灰烬之灵 | I7: 2 | J7: 18 | K7: 3 | L7: 6 | M7: 11 | N7: 0.778 | O7: 0.25 | P7: 13960 | Q7: 230 | R7: 5 | S7: 486 | T7: 603 | U7: 2 | V7: 0 | W7: 0 | X7: 18815 | Y7: 287 | Z7: 32315 | AA7: 0.476 | AB7: 1327 | AC7: 0.14652778 | AD7: 10 | AE7: 4455 | AF7: 9 | AG7: 290 | AH7: 0 | AI7: 2
A8: 260506 | B8: 1 | C8: 夜魇 | D8: 负 | E8: 18 | F8: 马忠 | G8: 8 | H8: 钢背兽 | I8: 3 | J8: 17 | K8: 3 | L8: 8 | M8: 7 | N8: 0.556 | O8: 0.333 | P8: 13299 | Q8: 238 | R8: 13 | S8: 446 | T8: 531 | U8: 1 | V8: 0 | W8: 0 | X8: 25006 | Y8: 316 | Z8: 70756 | AA8: 0.57 | AB8: 676 | AC8: 0.16597222 | AD8: 3 | AE8: 3973 | AF8: 7 | AG8: 0 | AH8: 3 | AI8: 3
A9: 260506 | B9: 1 | C9: 夜魇 | D9: 负 | E9: 18 | F9: 博洋 | G9: =VLOOKUP(F9,选手工资!A10:B37,2,FALSE) -> #N/A | H9: 冥魂大帝 | I9: 1 | J9: 16 | K9: 0 | L9: 6 | M9: 8 | N9: 0.444 | O9: 0.193 | P9: 13878 | Q9: 272 | R9: 8 | S9: 456 | T9: 457 | U9: 2 | V9: 0 | W9: 0 | X9: 14532 | Y9: 1380 | Z9: 36871 | AA9: 0.445 | AB9: 951 | AC9: 0.12361111 | AD9: 8 | AE9: 3669 | AF9: 6 | AG9: 0 | AH9: 3 | AI9: 0
A10: 260506 | B10: 1 | C10: 夜魇 | D10: 负 | E10: 18 | F10: valar | G10: =VLOOKUP(F10,选手工资!A9:B36,2,FALSE) -> 5.5 | H10: 天涯墨客 | I10: 4 | J10: 12 | K10: 6 | L10: 8 | M10: 7 | N10: 0.722 | O10: 0.113 | P10: 5589 | Q10: 19 | R10: 5 | S10: 220 | T10: 269 | U10: 1 | V10: 0 | W10: 0 | X10: 8473 | Y10: 23 | Z10: 18469 | AA10: 0.35 | AB10: 632 | AC10: 0.17847222 | AD10: 4 | AE10: 1785 | AF10: 6 | AG10: 850 | AH10: 0 | AI10: 2
A11: 260506 | B11: 1 | C11: 夜魇 | D11: 负 | E11: 18 | F11: odst | G11: =VLOOKUP(F11,选手工资!A8:B35,2,FALSE) -> 3.5 | H11: 暗影恶魔 | I11: 5 | J11: 12 | K11: 6 | L11: 7 | M11: 3 | N11: 0.5 | O11: 0.111 | P11: 4582 | Q11: 21 | R11: 2 | S11: 214 | T11: 283 | U11: 1 | V11: 0 | W11: 0 | X11: 8330 | Y11: 0 | Z11: 16187 | AA11: 0.343 | AB11: 382 | AC11: 0.13680556 | AD11: 7 | AE11: 2249 | AF11: 5 | AG11: 1380 | AH11: 2 | AI11: 2
A14: 比赛ID | B14: 8800088420
A15: 比赛时长 | B15: 31:18

Sheet 260506-2
A1: 日期 | B1: 场次 | C1: 阵营 | D1: 结果 | E1: 队伍击杀 | F1: 选手 | G1: 选手工资 | H1: 英雄 | I1: 位置 | J1: 等级 | K1: K | L1: D | M1: A | N1: 参战率 | O1: 输出占比 | P1: 财产 | Q1: 正补 | R1: 反补 | S1: GPM | T1: XPM | U1: 赏金神符 | V1: 治疗 | W1: 前哨 | X1: 英雄伤害 | Y1: 建筑伤害 | Z1: 承伤减免前 | AA1: 伤害减免比例 | AB1: 死亡损失金钱 | AC1: 死亡时间 | AD1: 挑选顺位 | AE1: 10分钟财产 | AF1: 10分钟等级 | AG1: 辅助道具金钱 | AH1: 堆野数 | AI1: 反眼数
A2: 260506 | B2: 2 | C2: 天辉 | D2: 负 | E2: 15 | F2: xinq | G2: =VLOOKUP(F2,选手工资!A1:B28,2,FALSE) -> 3 | H2: 干扰者 | I2: 5 | J2: 11 | K2: 2 | L2: 11 | M2: 8 | N2: 0.667 | O2: 0.137 | P2: 5509 | Q2: 18 | R2: 0 | S2: 221 | T2: 246 | U2: 0 | V2: 0 | W2: 0 | X2: 11414 | Y2: 0 | Z2: 16520 | AA2: 0.286 | AB2: 502 | AC2: 0.17986111 | AD2: 1 | AE2: 1774 | AF2: 9 | AG2: 650 | AH2: 0 | AI2: 4
A3: 260506 | B3: 2 | C3: 天辉 | D3: 负 | E3: 15 | F3: D | G3: 10 | H3: 兽王 | I3: 2 | J3: 18 | K3: 5 | L3: 4 | M3: 7 | N3: 0.8 | O3: 0.325 | P3: 14135 | Q3: 259 | R3: 5 | S3: 509 | T3: 571 | U3: 1 | V3: 0 | W3: 0 | X3: 27005 | Y3: 599 | Z3: 38085 | AA3: 0.473 | AB3: 981 | AC3: 0.12638889 | AD3: 9 | AE3: 3621 | AF3: 8 | AG3: 130 | AH3: 0 | AI3: 1
A4: 260506 | B4: 2 | C4: 天辉 | D4: 负 | E4: 15 | F4: 博洋 | G4: =VLOOKUP(F4,选手工资!A2:B29,2,FALSE) -> 5.5 | H4: 钢背兽 | I4: 3 | J4: 16 | K4: 4 | L4: 8 | M4: 7 | N4: 0.733 | O4: 0.265 | P4: 12025 | Q4: 189 | R4: 5 | S4: 410 | T4: 484 | U4: 1 | V4: 0 | W4: 0 | X4: 22008 | Y4: 376 | Z4: 62335 | AA4: 0.531 | AB4: 1085 | AC4: 0.19930556 | AD4: 5 | AE4: 3832 | AF4: 6 | AG4: 50 | AH4: 0 | AI4: 2
A5: 260506 | B5: 2 | C5: 天辉 | D5: 负 | E5: 15 | F5: 马忠 | G5: 8 | H5: 幽鬼 | I5: 1 | J5: 16 | K5: 0 | L5: 7 | M5: 11 | N5: 0.733 | O5: 0.166 | P5: 11329 | Q5: 204 | R5: 7 | S5: 365 | T5: 472 | U5: 2 | V5: 0 | W5: 0 | X5: 13815 | Y5: 0 | Z5: 26365 | AA5: 0.422 | AB5: 371 | AC5: 0.13888889 | AD5: 6 | AE5: 2754 | AF5: 5 | AG5: 130 | AH5: 0 | AI5: 0
A6: 260506 | B6: 2 | C6: 天辉 | D6: 负 | E6: 15 | F6: 老虎 | G6: =VLOOKUP(F6,选手工资!A4:B31,2,FALSE) -> 4.5 | H6: 沉默术士 | I6: 4 | J6: 12 | K6: 2 | L6: 7 | M6: 8 | N6: 0.667 | O6: 0.106 | P6: 7104 | Q6: 26 | R6: 0 | S6: 232 | T6: 298 | U6: 0 | V6: 0 | W6: 0 | X6: 8779 | Y6: 0 | Z6: 15489 | AA6: 0.399 | AB6: 300 | AC6: 0.12152778 | AD6: 2 | AE6: 2211 | AF6: 4 | AG6: 200 | AH6: 10 | AI6: 0
A7: 260506 | B7: 2 | C7: 夜魇 | D7: 胜 | E7: 36 | F7: ldxy | G7: 8 | H7: 瘟疫法师 | I7: 2 | J7: 20 | K7: 6 | L7: 3 | M7: 12 | N7: 0.5 | O7: 0.279 | P7: 18404 | Q7: 287 | R7: 5 | S7: 623 | T7: 751 | U7: 1 | V7: 8383 | W7: 0 | X7: 24077 | Y7: 3147 | Z7: 43006 | AA7: 0.466 | AB7: 242 | AC7: 0.053472222 | AD7: 10 | AE7: 4224 | AF7: 9 | AG7: 50 | AH7: 0 | AI7: 1
A8: 260506 | B8: 2 | C8: 夜魇 | D8: 胜 | E8: 36 | F8: 小孩 | G8: =VLOOKUP(F8,选手工资!A8:B35,2,FALSE) -> #N/A | H8: 齐天大圣 | I8: 1 | J8: 19 | K8: 12 | L8: 3 | M8: 13 | N8: 0.694 | O8: 0.22 | P8: 19706 | Q8: 234 | R8: 13 | S8: 639 | T8: 677 | U8: 2 | V8: 0 | W8: 0 | X8: 18995 | Y8: 13668 | Z8: 30931 | AA8: 0.39 | AB8: 541 | AC8: 0.083333333 | AD8: 8 | AE8: 4794 | AF8: 7 | AG8: 0 | AH8: 0 | AI8: 1
A9: 260506 | B9: 2 | C9: 夜魇 | D9: 胜 | E9: 36 | F9: xian | G9: 7.5 | H9: 虚无之灵 | I9: 3 | J9: 18 | K9: 8 | L9: 4 | M9: 19 | N9: 0.75 | O9: 0.267 | P9: 17152 | Q9: 218 | R9: 23 | S9: 563 | T9: 614 | U9: 2 | V9: 0 | W9: 0 | X9: 22971 | Y9: 2907 | Z9: 39062 | AA9: 0.44 | AB9: 436 | AC9: 0.071527778 | AD9: 4 | AE9: 4423 | AF9: 7 | AG9: 80 | AH9: 1 | AI9: 0
A10: 260506 | B10: 2 | C10: 夜魇 | D10: 胜 | E10: 36 | F10: odst | G10: =VLOOKUP(F10,选手工资!A7:B34,2,FALSE) -> 3.5 | H10: 邪影芳灵 | I10: 4 | J10: 15 | K10: 6 | L10: 4 | M10: 18 | N10: 0.667 | O10: 0.121 | P10: 7702 | Q10: 24 | R10: 2 | S10: 301 | T10: 437 | U10: 2 | V10: 0 | W10: 0 | X10: 10439 | Y10: 316 | Z10: 14312 | AA10: 0.275 | AB10: 395 | AC10: 0.060416667 | AD10: 3 | AE10: 2681 | AF10: 6 | AG10: 550 | AH10: 2 | AI10: 3
A11: 260506 | B11: 2 | C11: 夜魇 | D11: 胜 | E11: 36 | F11: valar | G11: =VLOOKUP(F11,选手工资!A6:B33,2,FALSE) -> 5.5 | H11: 天涯墨客 | I11: 5 | J11: 15 | K11: 4 | L11: 1 | M11: 25 | N11: 0.806 | O11: 0.113 | P11: 9330 | Q11: 28 | R11: 4 | S11: 334 | T11: 442 | U11: 5 | V11: 0 | W11: 1 | X11: 9704 | Y11: 288 | Z11: 13121 | AA11: 0.321 | AB11: 0 | AC11: 0.011111111 | AD11: 7 | AE11: 2605 | AF11: 6 | AG11: 700 | AH11: 2 | AI11: 5
A14: 比赛ID | B14: 8800139309
A15: 比赛时长 | B15: 31:00

Sheet 260506-3
A1: 日期 | B1: 场次 | C1: 阵营 | D1: 结果 | E1: 队伍击杀 | F1: 选手 | G1: 选手工资 | H1: 英雄 | I1: 位置 | J1: 等级 | K1: K | L1: D | M1: A | N1: 参战率 | O1: 输出占比 | P1: 财产 | Q1: 正补 | R1: 反补 | S1: GPM | T1: XPM | U1: 赏金神符 | V1: 治疗 | W1: 前哨 | X1: 英雄伤害 | Y1: 建筑伤害 | Z1: 承伤减免前 | AA1: 伤害减免比例 | AB1: 死亡损失金钱 | AC1: 死亡时间 | AD1: 挑选顺位 | AE1: 10分钟财产 | AF1: 10分钟等级 | AG1: 辅助道具金钱 | AH1: 堆野数 | AI1: 反眼数
A2: 260506 | B2: 3 | C2: 天辉 | D2: 胜 | E2: 46 | F2: xian | G2: =VLOOKUP(F2,选手工资!A1:B28,2,FALSE) -> 7.5 | H2: 灰烬之灵 | I2: 2 | J2: 20 | K2: 12 | L2: 1 | M2: 19 | N2: 0.674 | O2: 0.346 | P2: 18470 | Q2: 185 | R2: 23 | S2: 621 | T2: 818 | U2: 3 | V2: 110 | W2: 0 | X2: 31016 | Y2: 5780 | Z2: 27111 | AA2: 0.473 | AB2: 124 | AC2: 0.024305556 | AD2: 9 | AE2: 4818 | AF2: 9 | AG2: 290 | AH2: 0 | AI2: 1
A3: 260506 | B3: 3 | C3: 天辉 | D3: 胜 | E3: 46 | F3: 博洋 | G3: =VLOOKUP(F3,选手工资!A4:B31,2,FALSE) -> 5.5 | H3: 冥魂大帝 | I3: 1 | J3: 21 | K3: 11 | L3: 2 | M3: 10 | N3: 0.457 | O3: 0.221 | P3: 20454 | Q3: 280 | R3: 9 | S3: 722 | T3: 839 | U3: 1 | V3: 0 | W3: 0 | X3: 19867 | Y3: 8147 | Z3: 24485 | AA3: 0.33 | AB3: 313 | AC3: 0.041666667 | AD3: 5 | AE3: 5013 | AF3: 7 | AG3: 0 | AH3: 0 | AI3: 1
A4: 260506 | B4: 3 | C4: 天辉 | D4: 胜 | E4: 46 | F4: 小孩 | G4: =VLOOKUP(F4,选手工资!A5:B32,2,FALSE) -> 6 | H4: 破晓辰星 | I4: 3 | J4: 21 | K4: 10 | L4: 3 | M4: 16 | N4: 0.565 | O4: 0.222 | P4: 17721 | Q4: 216 | R4: 16 | S4: 619 | T4: 848 | U4: 2 | V4: 2951 | W4: 0 | X4: 19893 | Y4: 3285 | Z4: 30562 | AA4: 0.456 | AB4: 434 | AC4: 0.072222222 | AD4: 6 | AE4: 4345 | AF4: 7 | AG4: 50 | AH4: 0 | AI4: 1
A5: 260506 | B5: 3 | C5: 天辉 | D5: 胜 | E5: 46 | F5: 马忠 | G5: =VLOOKUP(F5,选手工资!A2:B29,2,FALSE) -> 8 | H5: 莱恩 | I5: 4 | J5: 15 | K5: 7 | L5: 6 | M5: 20 | N5: 0.587 | O5: 0.11 | P5: 8101 | Q5: 5 | R5: 5 | S5: 335 | T5: 435 | U5: 4 | V5: 0 | W5: 1 | X5: 9867 | Y5: 52 | Z5: 16167 | AA5: 0.253 | AB5: 587 | AC5: 0.12708333 | AD5: 1 | AE5: 2144 | AF5: 6 | AG5: 450 | AH5: 2 | AI5: 1
A6: 260506 | B6: 3 | C6: 天辉 | D6: 胜 | E6: 46 | F6: valar | G6: =VLOOKUP(F6,选手工资!A3:B30,2,FALSE) -> 5.5 | H6: 电炎绝手 | I6: 5 | J6: 13 | K6: 5 | L6: 7 | M6: 17 | N6: 0.478 | O6: 0.101 | P6: 8539 | Q6: 30 | R6: 0 | S6: 321 | T6: 353 | U6: 0 | V6: 587 | W6: 0 | X6: 9109 | Y6: 940 | Z6: 15920 | AA6: 0.312 | AB6: 198 | AC6: 0.13263889 | AD6: 2 | AE6: 1894 | AF6: 5 | AG6: 750 | AH6: 5 | AI6: 12
A7: 260506 | B7: 3 | C7: 夜魇 | D7: 负 | E7: 19 | F7: D | G7: 10 | H7: 蝙蝠骑士 | I7: 3 | J7: 16 | K7: 2 | L7: 7 | M7: 7 | N7: 0.474 | O7: 0.251 | P7: 10153 | Q7: 220 | R7: 2 | S7: 403 | T7: 508 | U7: 0 | V7: 0 | W7: 0 | X7: 17675 | Y7: 35 | Z7: 36775 | AA7: 0.317 | AB7: 1314 | AC7: 0.19305556 | AD7: 7 | AE7: 3736 | AF7: 7 | AG7: 50 | AH7: 1 | AI7: 0
A8: 260506 | B8: 3 | C8: 夜魇 | D8: 负 | E8: 19 | F8: 机器人 | G8: =VLOOKUP(F8,选手工资!A9:B36,2,FALSE) -> #N/A | H8: 幽鬼 | I8: 1 | J8: 17 | K8: 9 | L8: 8 | M8: 8 | N8: 0.895 | O8: 0.286 | P8: 13695 | Q8: 187 | R8: 9 | S8: 523 | T8: 594 | U8: 0 | V8: 0 | W8: 0 | X8: 20130 | Y8: 0 | Z8: 28084 | AA8: 0.468 | AB8: 1460 | AC8: 0.1875 | AD8: 8 | AE8: 4141 | AF8: 6 | AG8: 0 | AH8: 0 | AI8: 0
A9: 260506 | B9: 3 | C9: 夜魇 | D9: 负 | E9: 19 | F9: ldxy | G9: 8 | H9: 祈求者 | I9: 2 | J9: 13 | K9: 1 | L9: 10 | M9: 6 | N9: 0.368 | O9: 0.167 | P9: 6389 | Q9: 108 | R9: 8 | S9: 279 | T9: 372 | U9: 1 | V9: 0 | W9: 0 | X9: 11743 | Y9: 0 | Z9: 30209 | AA9: 0.35 | AB9: 1108 | AC9: 0.2125 | AD9: 10 | AE9: 2787 | AF9: 6 | AG9: 0 | AH9: 0 | AI9: 1
A10: 260506 | B10: 3 | C10: 夜魇 | D10: 负 | E10: 19 | F10: xinq | G10: =VLOOKUP(F10,选手工资!A8:B35,2,FALSE) -> 3 | H10: 干扰者 | I10: 5 | J10: 11 | K10: 5 | L10: 13 | M10: 10 | N10: 0.789 | O10: 0.13 | P10: 4700 | Q10: 18 | R10: 0 | S10: 246 | T10: 262 | U10: 1 | V10: 0 | W10: 0 | X10: 9129 | Y10: 0 | Z10: 25987 | AA10: 0.267 | AB10: 1221 | AC10: 0.25277778 | AD10: 4 | AE10: 2223 | AF10: 6 | AG10: 600 | AH10: 2 | AI10: 10
A11: 260506 | B11: 3 | C11: 夜魇 | D11: 负 | E11: 19 | F11: 教练 | G11: =VLOOKUP(F11,选手工资!A7:B34,2,FALSE) -> 6 | H11: 森海飞霞 | I11: 4 | J11: 11 | K11: 2 | L11: 9 | M11: 6 | N11: 0.421 | O11: 0.167 | P11: 4829 | Q11: 33 | R11: 6 | S11: 226 | T11: 275 | U11: 2 | V11: 0 | W11: 0 | X11: 11726 | Y11: 0 | Z11: 17636 | AA11: 0.375 | AB11: 537 | AC11: 0.14166667 | AD11: 3 | AE11: 1498 | AF11: 5 | AG11: 450 | AH11: 1 | AI11: 1
A14: 比赛ID | B14: 8800194363
A15: 比赛时长 | B15: 28:38

Sheet 260506-4
A1: 日期 | B1: 场次 | C1: 阵营 | D1: 结果 | E1: 队伍击杀 | F1: 选手 | G1: 选手工资 | H1: 英雄 | I1: 位置 | J1: 等级 | K1: K | L1: D | M1: A | N1: 参战率 | O1: 输出占比 | P1: 财产 | Q1: 正补 | R1: 反补 | S1: GPM | T1: XPM | U1: 赏金神符 | V1: 治疗 | W1: 前哨 | X1: 英雄伤害 | Y1: 建筑伤害 | Z1: 承伤减免前 | AA1: 伤害减免比例 | AB1: 死亡损失金钱 | AC1: 死亡时间 | AD1: 挑选顺位 | AE1: 10分钟财产 | AF1: 10分钟等级 | AG1: 辅助道具金钱 | AH1: 堆野数 | AI1: 反眼数
A2: 260506 | B2: 4 | C2: 天辉 | D2: 胜 | E2: 46 | F2: ldxy | G2: =VLOOKUP(F2,选手工资!A1:B28,2,FALSE) -> 8 | H2: 痛苦女王 | I2: 2 | J2: 30 | K2: 13 | L2: 6 | M2: 22 | N2: 0.761 | O2: 0.41 | P2: 37486 | Q2: 528 | R2: 5 | S2: 713 | T2: 1159 | U2: 7 | V2: 0 | W2: 1 | X2: 82237 | Y2: 5914 | Z2: 68410 | AA2: 0.497 | AB2: 1039 | AC2: 0.16111111 | AD2: 9 | AE2: 3777 | AF2: 7 | AG2: 100 | AH2: 2 | AI2: 2
A3: 260506 | B3: 4 | C3: 天辉 | D3: 胜 | E3: 46 | F3: 马忠 | G3: =VLOOKUP(F3,选手工资!A2:B29,2,FALSE) -> 8 | H3: 破晓辰星 | I3: 3 | J3: 29 | K3: 15 | L3: 5 | M3: 19 | N3: 0.739 | O3: 0.215 | P3: 35367 | Q3: 514 | R3: 16 | S3: 674 | T3: 1000 | U3: 5 | V3: 6182 | W3: 0 | X3: 43236 | Y3: 6337 | Z3: 102848 | AA3: 0.562 | AB3: 1843 | AC3: 0.22013889 | AD3: 5 | AE3: 4964 | AF3: 7 | AG3: 0 | AH3: 2 | AI3: 0
A4: 260506 | B4: 4 | C4: 天辉 | D4: 胜 | E4: 46 | F4: 机器人 | G4: =VLOOKUP(F4,选手工资!A4:B31,2,FALSE) -> 5 | H4: 虚空假面 | I4: 1 | J4: 27 | K4: 6 | L4: 10 | M4: 16 | N4: 0.478 | O4: 0.139 | P4: 29241 | Q4: 560 | R4: 11 | S4: 634 | T4: 780 | U4: 0 | V4: 0 | W4: 0 | X4: 27914 | Y4: 550 | Z4: 87989 | AA4: 0.559 | AB4: 3861 | AC4: 0.36666667 | AD4: 6 | AE4: 3902 | AF4: 6 | AG4: 50 | AH4: 0 | AI4: 3
A5: 260506 | B5: 4 | C5: 天辉 | D5: 胜 | E5: 46 | F5: valar | G5: =VLOOKUP(F5,选手工资!A3:B30,2,FALSE) -> 5.5 | H5: 天涯墨客 | I5: 4 | J5: 24 | K5: 9 | L5: 5 | M5: 23 | N5: 0.696 | O5: 0.108 | P5: 17557 | Q5: 50 | R5: 1 | S5: 339 | T5: 564 | U5: 0 | V5: 60 | W5: 1 | X5: 21655 | Y5: 140 | Z5: 40789 | AA5: 0.542 | AB5: 933 | AC5: 0.22013889 | AD5: 1 | AE5: 2936 | AF5: 6 | AG5: 1350 | AH5: 5 | AI5: 19
A6: 260506 | B6: 4 | C6: 天辉 | D6: 胜 | E6: 46 | F6: 小队 | G6: =VLOOKUP(F6,选手工资!A5:B32,2,FALSE) -> 2 | H6: 食人魔魔法师 | I6: 5 | J6: 25 | K6: 3 | L6: 10 | M6: 30 | N6: 0.717 | O6: 0.128 | P6: 21681 | Q6: 92 | R6: 1 | S6: 442 | T6: 672 | U6: 1 | V6: 156 | W6: 0 | X6: 25744 | Y6: 3045 | Z6: 82787 | AA6: 0.481 | AB6: 2209 | AC6: 0.34930556 | AD6: 2 | AE6: 1510 | AF6: 5 | AG6: 200 | AH6: 1 | AI6: 4
A7: 260506 | B7: 4 | C7: 夜魇 | D7: 负 | E7: 36 | F7: D | G7: 10 | H7: 魅惑魔女 | I7: 2 | J7: 27 | K7: 18 | L7: 9 | M7: 7 | N7: 0.694 | O7: 0.332 | P7: 28251 | Q7: 347 | R7: 7 | S7: 604 | T7: 842 | U7: 6 | V7: 4343 | W7: 0 | X7: 59963 | Y7: 3779 | Z7: 88533 | AA7: 0.42 | AB7: 2818 | AC7: 0.34236111 | AD7: 10 | AE7: 3916 | AF7: 9 | AG7: 100 | AH7: 1 | AI7: 1
A8: 260506 | B8: 4 | C8: 夜魇 | D8: 负 | E8: 36 | F8: 小孩 | G8: =VLOOKUP(F8,选手工资!A9:B36,2,FALSE) -> #N/A | H8: 齐天大圣 | I8: 1 | J8: 28 | K8: 6 | L8: 6 | M8: 9 | N8: 0.417 | O8: 0.243 | P8: 37999 | Q8: 648 | R8: 19 | S8: 727 | T8: 912 | U8: 2 | V8: 0 | W8: 1 | X8: 43868 | Y8: 6931 | Z8: 60956 | AA8: 0.503 | AB8: 2020 | AC8: 0.20277778 | AD8: 8 | AE8: 3508 | AF8: 6 | AG8: 100 | AH8: 2 | AI8: 5
A9: 260506 | B9: 4 | C9: 夜魇 | D9: 负 | E9: 36 | F9: 记者 | G9: =VLOOKUP(F9,选手工资!A10:B37,2,FALSE) -> 4.5 | H9: 全能骑士 | I9: 3 | J9: 26 | K9: 5 | L9: 8 | M9: 18 | N9: 0.639 | O9: 0.18 | P9: 24310 | Q9: 330 | R9: 7 | S9: 515 | T9: 750 | U9: 4 | V9: 3000 | W9: 2 | X9: 32475 | Y9: 510 | Z9: 114407 | AA9: 0.517 | AB9: 2706 | AC9: 0.24305556 | AD9: 4 | AE9: 4126 | AF9: 6 | AG9: 0 | AH9: 1 | AI9: 2
A10: 260506 | B10: 4 | C10: 夜魇 | D10: 负 | E10: 36 | F10: xinq | G10: =VLOOKUP(F10,选手工资!A8:B35,2,FALSE) -> 3 | H10: 杰奇洛 | I10: 5 | J10: 25 | K10: 2 | L10: 12 | M10: 19 | N10: 0.583 | O10: 0.102 | P10: 12752 | Q10: 92 | R10: 0 | S10: 321 | T10: 626 | U10: 2 | V10: 0 | W10: 2 | X10: 18534 | Y10: 44 | Z10: 40457 | AA10: 0.35 | AB10: 1448 | AC10: 0.28680556 | AD10: 3 | AE10: 1770 | AF10: 6 | AG10: 900 | AH10: 2 | AI10: 6
A11: 260506 | B11: 4 | C11: 夜魇 | D11: 负 | E11: 36 | F11: 教练 | G11: =VLOOKUP(F11,选手工资!A6:B33,2,FALSE) -> 6 | H11: 邪影芳灵 | I11: 4 | J11: 25 | K11: 5 | L11: 11 | M11: 19 | N11: 0.667 | O11: 0.144 | P11: 15015 | Q11: 107 | R11: 7 | S11: 355 | T11: 640 | U11: 3 | V11: 240 | W11: 1 | X11: 26001 | Y11: 62 | Z11: 56042 | AA11: 0.329 | AB11: 1495 | AC11: 0.31180556 | AD11: 7 | AE11: 2230 | AF11: 5 | AG11: 1800 | AH11: 4 | AI11: 4
A14: 比赛ID | B14: 8800244965
A15: 比赛时长 | B15: 56:25

Sheet 260507-1
A1: 日期 | B1: 场次 | C1: 阵营 | D1: 结果 | E1: 队伍击杀 | F1: 选手 | G1: 选手工资 | H1: 英雄 | I1: 位置 | J1: 等级 | K1: K | L1: D | M1: A | N1: 参战率 | O1: 输出占比 | P1: 财产 | Q1: 正补 | R1: 反补 | S1: GPM | T1: XPM | U1: 赏金神符 | V1: 治疗 | W1: 前哨 | X1: 英雄伤害 | Y1: 建筑伤害 | Z1: 承伤减免前 | AA1: 伤害减免比例 | AB1: 死亡损失金钱 | AC1: 死亡时间 | AD1: 挑选顺位 | AE1: 10分钟财产 | AF1: 10分钟等级 | AG1: 辅助道具金钱 | AH1: 堆野数 | AI1: 反眼数
A2: 260507 | B2: 1 | C2: 天辉 | D2: 胜 | E2: 58 | F2: 马忠 | G2: =VLOOKUP(F2,选手工资!A1:B28,2,FALSE) -> 8 | H2: 小小 | I2: 1 | J2: 26 | K2: 26 | L2: 2 | M2: 20 | N2: 0.793 | O2: 0.308 | P2: 26856 | Q2: 311 | R2: 17 | S2: 774 | T2: 1091 | U2: 2 | V2: 0 | W2: 0 | X2: 41895 | Y2: 12049 | Z2: 41420 | AA2: 0.408 | AB2: 585 | AC2: 0.075 | AD2: 9 | AE2: 4763 | AF2: 8 | AG2: 0 | AH2: 0 | AI2: 0
A3: 260507 | B3: 1 | C3: 天辉 | D3: 胜 | E3: 58 | F3: 关羽 | G3: =VLOOKUP(F3,选手工资!A3:B30,2,FALSE) -> 7.5 | H3: 灰烬之灵 | I3: 2 | J3: 25 | K3: 15 | L3: 1 | M3: 36 | N3: 0.879 | O3: 0.38 | P3: 22610 | Q3: 232 | R3: 2 | S3: 636 | T3: 977 | U3: 2 | V3: 0 | W3: 1 | X3: 51623 | Y3: 1394 | Z3: 37401 | AA3: 0.538 | AB3: 417 | AC3: 0.05625 | AD3: 5 | AE3: 3626 | AF3: 7 | AG3: 0 | AH3: 0 | AI3: 1
A4: 260507 | B4: 1 | C4: 天辉 | D4: 胜 | E4: 58 | F4: jin | G4: =VLOOKUP(F4,选手工资!A4:B31,2,FALSE) -> 6.5 | H4: 司夜刺客 | I4: 4 | J4: 20 | K4: 5 | L4: 6 | M4: 31 | N4: 0.621 | O4: 0.112 | P4: 12550 | Q4: 45 | R4: 1 | S4: 388 | T4: 600 | U4: 5 | V4: 0 | W4: 0 | X4: 15265 | Y4: 178 | Z4: 31802 | AA4: 0.47 | AB4: 719 | AC4: 0.13958333 | AD4: 2 | AE4: 1906 | AF4: 5 | AG4: 360 | AH4: 0 | AI4: 10
A5: 260507 | B5: 1 | C5: 天辉 | D5: 胜 | E5: 58 | F5: 猪猪 | G5: =VLOOKUP(F5,选手工资!A2:B29,2,FALSE) -> 3 | H5: 祸乱之源 | I5: 5 | J5: 19 | K5: 8 | L5: 10 | M5: 29 | N5: 0.638 | O5: 0.085 | P5: 12128 | Q5: 20 | R5: 1 | S5: 350 | T5: 559 | U5: 4 | V5: 195 | W5: 1 | X5: 11520 | Y5: 309 | Z5: 24932 | AA5: 0.277 | AB5: 1029 | AC5: 0.22777778 | AD5: 1 | AE5: 2335 | AF5: 5 | AG5: 1000 | AH5: 2 | AI5: 4
A6: 260507 | B6: 1 | C6: 天辉 | D6: 胜 | E6: 58 | F6: 老板 | G6: =VLOOKUP(F6,选手工资!A5:B32,2,FALSE) -> 4 | H6: 撼地者 | I6: 3 | J6: 20 | K6: 4 | L6: 9 | M6: 26 | N6: 0.517 | O6: 0.116 | P6: 14109 | Q6: 127 | R6: 1 | S6: 396 | T6: 616 | U6: 1 | V6: 0 | W6: 0 | X6: 15713 | Y6: 954 | Z6: 23935 | AA6: 0.304 | AB6: 572 | AC6: 0.16319444 | AD6: 6 | AE6: 2440 | AF6: 4 | AG6: 0 | AH6: 2 | AI6: 0
A7: 260507 | B7: 1 | C7: 夜魇 | D7: 负 | E7: 28 | F7: ldxy | G7: 8 | H7: 齐天大圣 | I7: 2 | J7: 20 | K7: 10 | L7: 10 | M7: 9 | N7: 0.679 | O7: 0.324 | P7: 13466 | Q7: 163 | R7: 24 | S7: 431 | T7: 630 | U7: 0 | V7: 0 | W7: 0 | X7: 30209 | Y7: 0 | Z7: 58878 | AA7: 0.437 | AB7: 1723 | AC7: 0.3 | AD7: 10 | AE7: 4323 | AF7: 8 | AG7: 300 | AH7: 0 | AI7: 3
A8: 260507 | B8: 1 | C8: 夜魇 | D8: 负 | E8: 28 | F8: D | G8: 10 | H8: 凯 | I8: 1 | J8: 23 | K8: 10 | L8: 8 | M8: 13 | N8: 0.821 | O8: 0.325 | P8: 17796 | Q8: 265 | R8: 14 | S8: 566 | T8: 813 | U8: 0 | V8: 0 | W8: 0 | X8: 30307 | Y8: 728 | Z8: 55377 | AA8: 0.511 | AB8: 2443 | AC8: 0.30763889 | AD8: 8 | AE8: 4318 | AF8: 7 | AG8: 50 | AH8: 1 | AI8: 0
A9: 260507 | B9: 1 | C9: 夜魇 | D9: 负 | E9: 28 | F9: 机器猫 | G9: =VLOOKUP(F9,选手工资!A6:B33,2,FALSE) -> 4 | H9: 破晓辰星 | I9: 3 | J9: 17 | K9: 3 | L9: 12 | M9: 7 | N9: 0.357 | O9: 0.168 | P9: 10486 | Q9: 172 | R9: 1 | S9: 340 | T9: 444 | U9: 4 | V9: 1064 | W9: 0 | X9: 15713 | Y9: 0 | Z9: 58120 | AA9: 0.438 | AB9: 1454 | AC9: 0.33958333 | AD9: 7 | AE9: 2596 | AF9: 6 | AG9: 240 | AH9: 1 | AI9: 0
A10: 260507 | B10: 1 | C10: 夜魇 | D10: 负 | E10: 28 | F10: 小队 | G10: =VLOOKUP(F10,选手工资!A10:B37,2,FALSE) -> 2 | H10: 干扰者 | I10: 5 | J10: 13 | K10: 2 | L10: 15 | M10: 18 | N10: 0.714 | O10: 0.098 | P10: 5871 | Q10: 10 | R10: 2 | S10: 242 | T10: 280 | U10: 0 | V10: 0 | W10: 0 | X10: 9182 | Y10: 0 | Z10: 33124 | AA10: 0.384 | AB10: 1163 | AC10: 0.29236111 | AD10: 4 | AE10: 1592 | AF10: 5 | AG10: 450 | AH10: 0 | AI10: 4
A11: 260507 | B11: 1 | C11: 夜魇 | D11: 负 | E11: 28 | F11: 老虎 | G11: =VLOOKUP(F11,选手工资!A9:B36,2,FALSE) -> 4.5 | H11: 裂魂人 | I11: 4 | J11: 13 | K11: 3 | L11: 13 | M11: 12 | N11: 0.536 | O11: 0.085 | P11: 6788 | Q11: 52 | R11: 1 | S11: 248 | T11: 279 | U11: 2 | V11: 0 | W11: 0 | X11: 7953 | Y11: 0 | Z11: 37184 | AA11: 0.387 | AB11: 1440 | AC11: 0.24791667 | AD11: 3 | AE11: 2124 | AF11: 3 | AG11: 260 | AH11: 3 | AI11: 2
A14: 比赛ID | B14: 8801269989
A15: 比赛时长 | B15: 36:07

Sheet 260507-2
A1: 日期 | B1: 场次 | C1: 阵营 | D1: 结果 | E1: 队伍击杀 | F1: 选手 | G1: 选手工资 | H1: 英雄 | I1: 位置 | J1: 等级 | K1: K | L1: D | M1: A | N1: 参战率 | O1: 输出占比 | P1: 财产 | Q1: 正补 | R1: 反补 | S1: GPM | T1: XPM | U1: 赏金神符 | V1: 治疗 | W1: 前哨 | X1: 英雄伤害 | Y1: 建筑伤害 | Z1: 承伤减免前 | AA1: 伤害减免比例 | AB1: 死亡损失金钱 | AC1: 死亡时间 | AD1: 挑选顺位 | AE1: 10分钟财产 | AF1: 10分钟等级 | AG1: 辅助道具金钱 | AH1: 堆野数 | AI1: 反眼数
A2: 260507 | B2: 2 | C2: 天辉 | D2: 胜 | E2: 59 | F2: xian | G2: =VLOOKUP(F2,选手工资!A2:B29,2,FALSE) -> 7.5 | H2: 森海飞霞 | I2: 1 | J2: 29 | K2: 15 | L2: 8 | M2: 31 | N2: 0.78 | O2: 0.425 | P2: 40875 | Q2: 632 | R2: 16 | S2: 806 | T2: 1041 | U2: 4 | V2: 0 | W2: 1 | X2: 109153 | Y2: 15908 | Z2: 101302 | AA2: 0.397 | AB2: 3900 | AC2: 0.32986111 | AD2: 1 | AE2: 4835 | AF2: 8 | AG2: 0 | AH2: 0 | AI2: 2
A3: 260507 | B3: 2 | C3: 天辉 | D3: 胜 | E3: 59 | F3: D | G3: =VLOOKUP(F3,选手工资!A1:B28,2,FALSE) -> 10 | H3: 米拉娜 | I3: 2 | J3: 30 | K3: 22 | L3: 4 | M3: 24 | N3: 0.78 | O3: 0.267 | P3: 37300 | Q3: 532 | R3: 3 | S3: 739 | T3: 1104 | U3: 8 | V3: 0 | W3: 0 | X3: 68374 | Y3: 13573 | Z3: 77743 | AA3: 0.418 | AB3: 1334 | AC3: 0.10208333 | AD3: 5 | AE3: 4328 | AF3: 8 | AG3: 50 | AH3: 3 | AI3: 4
A4: 260507 | B4: 2 | C4: 天辉 | D4: 胜 | E4: 59 | F4: 关羽 | G4: =VLOOKUP(F4,选手工资!A5:B32,2,FALSE) -> 7.5 | H4: 伐木机 | I4: 3 | J4: 26 | K4: 13 | L4: 12 | M4: 31 | N4: 0.746 | O4: 0.178 | P4: 26961 | Q4: 360 | R4: 17 | S4: 555 | T4: 667 | U4: 0 | V4: 0 | W4: 1 | X4: 45630 | Y4: 2065 | Z4: 176780 | AA4: 0.624 | AB4: 3260 | AC4: 0.32361111 | AD4: 6 | AE4: 4124 | AF4: 7 | AG4: 0 | AH4: 1 | AI4: 0
A5: 260507 | B5: 2 | C5: 天辉 | D5: 胜 | E5: 59 | F5: 老虎 | G5: =VLOOKUP(F5,选手工资!A3:B30,2,FALSE) -> 4.5 | H5: 复仇之魂 | I5: 4 | J5: 25 | K5: 5 | L5: 13 | M5: 36 | N5: 0.695 | O5: 0.076 | P5: 16245 | Q5: 123 | R5: 2 | S5: 349 | T5: 586 | U5: 2 | V5: 10 | W5: 2 | X5: 19423 | Y5: 740 | Z5: 75781 | AA5: 0.505 | AB5: 2422 | AC5: 0.38958333 | AD5: 9 | AE5: 2613 | AF5: 5 | AG5: 930 | AH5: 1 | AI5: 9
A6: 260507 | B6: 2 | C6: 天辉 | D6: 胜 | E6: 59 | F6: 猪猪 | G6: =VLOOKUP(F6,选手工资!A4:B31,2,FALSE) -> 3 | H6: 树精卫士 | I6: 5 | J6: 26 | K6: 4 | L6: 12 | M6: 40 | N6: 0.746 | O6: 0.054 | P6: 15084 | Q6: 27 | R6: 0 | S6: 339 | T6: 664 | U6: 0 | V6: 14401 | W6: 1 | X6: 13950 | Y6: 117 | Z6: 57619 | AA6: 0.34 | AB6: 1212 | AC6: 0.37638889 | AD6: 2 | AE6: 1848 | AF6: 5 | AG6: 2400 | AH6: 2 | AI6: 10
A7: 260507 | B7: 2 | C7: 夜魇 | D7: 负 | E7: 49 | F7: ldxy | G7: 8 | H7: 痛苦女王 | I7: 2 | J7: 28 | K7: 13 | L7: 10 | M7: 28 | N7: 0.837 | O7: 0.406 | P7: 34602 | Q7: 512 | R7: 12 | S7: 645 | T7: 932 | U7: 5 | V7: 45 | W7: 0 | X7: 100901 | Y7: 4166 | Z7: 159862 | AA7: 0.554 | AB7: 3257 | AC7: 0.28819444 | AD7: 7 | AE7: 4344 | AF7: 8 | AG7: 130 | AH7: 0 | AI7: 0
A8: 260507 | B8: 2 | C8: 夜魇 | D8: 负 | E8: 49 | F8: 马忠 | G8: 8 | H8: 炼金术士 | I8: 1 | J8: 29 | K8: 8 | L8: 7 | M8: 27 | N8: 0.714 | O8: 0.119 | P8: 32348 | Q8: 626 | R8: 6 | S8: 859 | T8: 1025 | U8: 9 | V8: 0 | W8: 0 | X8: 29653 | Y8: 9598 | Z8: 107338 | AA8: 0.546 | AB8: 2301 | AC8: 0.21458333 | AD8: 12 | AE8: 5094 | AF8: 7 | AG8: 50 | AH8: 6 | AI8: 1
A9: 260507 | B9: 2 | C9: 夜魇 | D9: 负 | E9: 49 | F9: 小孩 | G9: =VLOOKUP(F9,选手工资!A6:B33,2,FALSE) -> 6 | H9: 破晓辰星 | I9: 4 | J9: 28 | K9: 16 | L9: 12 | M9: 21 | N9: 0.755 | O9: 0.177 | P9: 31955 | Q9: 373 | R9: 6 | S9: 576 | T9: 858 | U9: 0 | V9: 11899 | W9: 0 | X9: 44071 | Y9: 3502 | Z9: 173618 | AA9: 0.613 | AB9: 3553 | AC9: 0.29305556 | AD9: 11 | AE9: 3799 | AF9: 7 | AG9: 0 | AH9: 0 | AI9: 0
A10: 260507 | B10: 2 | C10: 夜魇 | D10: 负 | E10: 49 | F10: 教练 | G10: =VLOOKUP(F10,选手工资!A8:B35,2,FALSE) -> 6 | H10: 裂魂人 | I10: 4 | J10: 25 | K10: 4 | L10: 13 | M10: 34 | N10: 0.776 | O10: 0.061 | P10: 16898 | Q10: 100 | R10: 4 | S10: 341 | T10: 603 | U10: 2 | V10: 1671 | W10: 5 | X10: 15206 | Y10: 720 | Z10: 88678 | AA10: 0.5 | AB10: 1710 | AC10: 0.29236111 | AD10: 4 | AE10: 2224 | AF10: 5 | AG10: 2130 | AH10: 0 | AI10: 14
A11: 260507 | B11: 2 | C11: 夜魇 | D11: 负 | E11: 49 | F11: 记者 | G11: =VLOOKUP(F11,选手工资!A10:B37,2,FALSE) -> 4.5 | H11: 工程师 | I11: 5 | J11: 23 | K11: 7 | L11: 17 | M11: 30 | N11: 0.755 | O11: 0.236 | P11: 16744 | Q11: 127 | R11: 2 | S11: 360 | T11: 500 | U11: 1 | V11: 5406 | W11: 0 | X11: 58651 | Y11: 1033 | Z11: 47431 | AA11: 0.475 | AB11: 2405 | AC11: 0.40486111 | AD11: 8 | AE11: 2193 | AF11: 5 | AG11: 1030 | AH11: 8 | AI11: 12
A14: 比赛ID | B14: 8801336033
A15: 比赛时长 | B15: 59:13

Sheet 260507-3
A1: 日期 | B1: 场次 | C1: 阵营 | D1: 结果 | E1: 队伍击杀 | F1: 选手 | G1: 选手工资 | H1: 英雄 | I1: 位置 | J1: 等级 | K1: K | L1: D | M1: A | N1: 参战率 | O1: 输出占比 | P1: 财产 | Q1: 正补 | R1: 反补 | S1: GPM | T1: XPM | U1: 赏金神符 | V1: 治疗 | W1: 前哨 | X1: 英雄伤害 | Y1: 建筑伤害 | Z1: 承伤减免前 | AA1: 伤害减免比例 | AB1: 死亡损失金钱 | AC1: 死亡时间 | AD1: 挑选顺位 | AE1: 10分钟财产 | AF1: 10分钟等级 | AG1: 辅助道具金钱 | AH1: 堆野数 | AI1: 反眼数
A2: 260507 | B2: 3 | C2: 天辉 | D2: 负 | E2: 12 | F2: D | G2: =VLOOKUP(F2,选手工资!A2:B29,2,FALSE) -> 10 | H2: 朗戈 | I2: 3 | J2: 15 | K2: 2 | L2: 7 | M2: 8 | N2: 0.833 | O2: 0.252 | P2: 14792 | Q2: 190 | R2: 5 | S2: 422 | T2: 422 | U2: 1 | V2: 2757 | W2: 0 | X2: 23499 | Y2: 0 | Z2: 53088 | AA2: 0.478 | AB2: 1903 | AC2: 0.22430556 | AD2: 9 | AE2: 4138 | AF2: 7 | AG2: 0 | AH2: 6 | AI2: 0
A3: 260507 | B3: 3 | C3: 天辉 | D3: 负 | E3: 12 | F3: ldxy | G3: =VLOOKUP(F3,选手工资!A1:B28,2,FALSE) -> 8 | H3: 灰烬之灵 | I3: 2 | J3: 20 | K3: 6 | L3: 9 | M3: 3 | N3: 0.75 | O3: 0.425 | P3: 10768 | Q3: 155 | R3: 8 | S3: 412 | T3: 663 | U3: 1 | V3: 0 | W3: 0 | X3: 39569 | Y3: 0 | Z3: 67956 | AA3: 0.559 | AB3: 1335 | AC3: 0.25347222 | AD3: 5 | AE3: 3292 | AF3: 8 | AG3: 100 | AH3: 0 | AI3: 1
A4: 260507 | B4: 3 | C4: 天辉 | D4: 负 | E4: 12 | F4: 小孩 | G4: =VLOOKUP(F4,选手工资!A3:B30,2,FALSE) -> 6 | H4: 炼金术士 | I4: 1 | J4: 18 | K4: 2 | L4: 6 | M4: 3 | N4: 0.417 | O4: 0.144 | P4: 11066 | Q4: 185 | R4: 5 | S4: 475 | T4: 543 | U4: 0 | V4: 0 | W4: 0 | X4: 13397 | Y4: 0 | Z4: 28450 | AA4: 0.342 | AB4: 466 | AC4: 0.12638889 | AD4: 12 | AE4: 3203 | AF4: 5 | AG4: 50 | AH4: 5 | AI4: 0
A5: 260507 | B5: 3 | C5: 天辉 | D5: 负 | E5: 12 | F5: 记者 | G5: =VLOOKUP(F5,选手工资!A4:B31,2,FALSE) -> 4.5 | H5: 裂魂人 | I5: 4 | J5: 11 | K5: 0 | L5: 10 | M5: 8 | N5: 0.667 | O5: 0.107 | P5: 5200 | Q5: 41 | R5: 1 | S5: 200 | T5: 215 | U5: 5 | V5: 0 | W5: 0 | X5: 9932 | Y5: 0 | Z5: 29636 | AA5: 0.395 | AB5: 811 | AC5: 0.20277778 | AD5: 1 | AE5: 1838 | AF5: 4 | AG5: 200 | AH5: 1 | AI5: 2
A6: 260507 | B6: 3 | C6: 天辉 | D6: 负 | E6: 12 | F6: 小队 | G6: =VLOOKUP(F6,选手工资!A5:B32,2,FALSE) -> 2 | H6: 杰奇洛 | I6: 5 | J6: 12 | K6: 0 | L6: 13 | M6: 7 | N6: 0.583 | O6: 0.072 | P6: 5275 | Q6: 24 | R6: 1 | S6: 221 | T6: 290 | U6: 0 | V6: 0 | W6: 0 | X6: 6743 | Y6: 0 | Z6: 33480 | AA6: 0.35 | AB6: 729 | AC6: 0.25069444 | AD6: 11 | AE6: 1422 | AF6: 4 | AG6: 550 | AH6: 3 | AI6: 7
A7: 260507 | B7: 3 | C7: 夜魇 | D7: 胜 | E7: 45 | F7: 马忠 | G7: 8 | H7: 破晓辰星 | I7: 3 | J7: 22 | K7: 13 | L7: 2 | M7: 24 | N7: 0.822 | O7: 0.375 | P7: 19908 | Q7: 250 | R7: 17 | S7: 677 | T7: 829 | U7: 2 | V7: 6184 | W7: 0 | X7: 43568 | Y7: 5336 | Z7: 44993 | AA7: 0.466 | AB7: 632 | AC7: 0.032638889 | AD7: 8 | AE7: 5050 | AF7: 7 | AG7: 130 | AH7: 0 | AI7: 0
A8: 260507 | B8: 3 | C8: 夜魇 | D8: 胜 | E8: 45 | F8: xian | G8: 7.5 | H8: 帕克 | I8: 2 | J8: 21 | K8: 13 | L8: 3 | M8: 14 | N8: 0.6 | O8: 0.304 | P8: 18402 | Q8: 231 | R8: 11 | S8: 648 | T8: 741 | U8: 3 | V8: 0 | W8: 0 | X8: 35284 | Y8: 11036 | Z8: 31350 | AA8: 0.397 | AB8: 994 | AC8: 0.075694444 | AD8: 4 | AE8: 4178 | AF8: 8 | AG8: 50 | AH8: 1 | AI8: 4
A9: 260507 | B9: 3 | C9: 夜魇 | D9: 胜 | E9: 45 | F9: 机器人 | G9: =VLOOKUP(F9,选手工资!A9:B36,2,FALSE) -> #N/A | H9: 斯拉克 | I9: 1 | J9: 19 | K9: 3 | L9: 4 | M9: 8 | N9: 0.244 | O9: 0.102 | P9: 16855 | Q9: 217 | R9: 23 | S9: 526 | T9: 596 | U9: 0 | V9: 0 | W9: 0 | X9: 11863 | Y9: 7328 | Z9: 33263 | AA9: 0.444 | AB9: 708 | AC9: 0.10138889 | AD9: 10 | AE9: 3843 | AF9: 6 | AG9: 0 | AH9: 1 | AI9: 0
A10: 260507 | B10: 3 | C10: 夜魇 | D10: 胜 | E10: 45 | F10: 教练 | G10: =VLOOKUP(F10,选手工资!A6:B33,2,FALSE) -> 6 | H10: 邪影芳灵 | I10: 4 | J10: 17 | K10: 15 | L10: 0 | M10: 16 | N10: 0.689 | O10: 0.144 | P10: 13060 | Q10: 29 | R10: 8 | S10: 425 | T10: 519 | U10: 2 | V10: 1638 | W10: 0 | X10: 16703 | Y10: 2543 | Z10: 21057 | AA10: 0.332 | AB10: 0 | AC10: 0 | AD10: 7 | AE10: 3313 | AF10: 7 | AG10: 650 | AH10: 2 | AI10: 4
A11: 260507 | B11: 3 | C11: 夜魇 | D11: 胜 | E11: 45 | F11: 呆叔 | G11: =VLOOKUP(F11,选手工资!A8:B35,2,FALSE) -> 4 | H11: 不朽尸王 | I11: 5 | J11: 17 | K11: 1 | L11: 3 | M11: 29 | N11: 0.667 | O11: 0.075 | P11: 10394 | Q11: 41 | R11: 1 | S11: 299 | T11: 489 | U11: 2 | V11: 8798 | W11: 1 | X11: 8674 | Y11: 613 | Z11: 26040 | AA11: 0.321 | AB11: 124 | AC11: 0.021527778 | AD11: 3 | AE11: 1833 | AF11: 5 | AG11: 800 | AH11: 0 | AI11: 5
A14: 比赛ID | B14: 8801445758
A15: 比赛时长 | B15: 32:39

Sheet 260508-1
A1: 日期 | B1: 场次 | C1: 阵营 | D1: 结果 | E1: 队伍击杀 | F1: 选手 | G1: 选手工资 | H1: 英雄 | I1: 位置 | J1: 等级 | K1: K | L1: D | M1: A | N1: 参战率 | O1: 输出占比 | P1: 财产 | Q1: 正补 | R1: 反补 | S1: GPM | T1: XPM | U1: 赏金神符 | V1: 治疗 | W1: 前哨 | X1: 英雄伤害 | Y1: 建筑伤害 | Z1: 承伤减免前 | AA1: 伤害减免比例 | AB1: 死亡损失金钱 | AC1: 死亡时间 | AD1: 挑选顺位 | AE1: 10分钟财产 | AF1: 10分钟等级 | AG1: 辅助道具金钱 | AH1: 堆野数 | AI1: 反眼数
A2: 260508 | B2: 1 | C2: 天辉 | D2: 胜 | E2: 44 | F2: D | G2: 9.5 | H2: 凯 | I2: 2 | J2: 27 | K2: 23 | L2: 2 | M2: 12 | N2: 0.795 | O2: 0.39 | P2: 23509 | Q2: 261 | R2: 20 | S2: 708 | T2: 1250 | U2: 0 | V2: 0 | W2: 1 | X2: 50340 | Y2: 2195 | Z2: 57930 | AA2: 0.547 | AB2: 712 | AC2: 0.027777778 | AD2: 5 | AE2: 4679 | AF2: 9 | AG2: 50 | AH2: 0 | AI2: 2
A3: 260508 | B3: 1 | C3: 天辉 | D3: 胜 | E3: 44 | F3: 小孩 | G3: =VLOOKUP(F3,选手工资!A5:C32,3,FALSE) -> 5.5 | H3: 潮汐猎人 | I3: 3 | J3: 21 | K3: 4 | L3: 6 | M3: 26 | N3: 0.682 | O3: 0.202 | P3: 16553 | Q3: 235 | R3: 7 | S3: 499 | T3: 703 | U3: 2 | V3: 5265 | W3: 0 | X3: 26079 | Y3: 237 | Z3: 60311 | AA3: 0.501 | AB3: 1335 | AC3: 0.17777778 | AD3: 6 | AE3: 4874 | AF3: 7 | AG3: 0 | AH3: 2 | AI3: 0
A4: 260508 | B4: 1 | C4: 天辉 | D4: 胜 | E4: 44 | F4: 郝哥 | G4: =VLOOKUP(F4,选手工资!A3:C30,3,FALSE) -> 7.5 | H4: 露娜 | I4: 1 | J4: 24 | K4: 9 | L4: 5 | M4: 14 | N4: 0.523 | O4: 0.208 | P4: 23666 | Q4: 395 | R4: 10 | S4: 709 | T4: 946 | U4: 5 | V4: 0 | W4: 1 | X4: 26800 | Y4: 7272 | Z4: 31121 | AA4: 0.541 | AB4: 831 | AC4: 0.12986111 | AD4: 9 | AE4: 3685 | AF4: 7 | AG4: 50 | AH4: 2 | AI4: 0
A5: 260508 | B5: 1 | C5: 天辉 | D5: 胜 | E5: 44 | F5: 之后 | G5: =VLOOKUP(F5,选手工资!A2:C29,3,FALSE) -> 1 | H5: 水晶室女 | I5: 5 | J5: 19 | K5: 1 | L5: 7 | M5: 24 | N5: 0.568 | O5: 0.105 | P5: 8787 | Q5: 62 | R5: 1 | S5: 276 | T5: 586 | U5: 0 | V5: 0 | W5: 0 | X5: 13491 | Y5: 43 | Z5: 18428 | AA5: 0.475 | AB5: 495 | AC5: 0.15277778 | AD5: 1 | AE5: 1810 | AF5: 5 | AG5: 530 | AH5: 7 | AI5: 6
A6: 260508 | B6: 1 | C6: 天辉 | D6: 胜 | E6: 44 | F6: 博洋 | G6: =VLOOKUP(F6,选手工资!A6:C33,3,FALSE) -> 6.5 | H6: 裂魂人 | I6: 4 | J6: 18 | K6: 6 | L6: 6 | M6: 29 | N6: 0.795 | O6: 0.096 | P6: 11154 | Q6: 86 | R6: 1 | S6: 364 | T6: 535 | U6: 3 | V6: 564 | W6: 0 | X6: 12339 | Y6: 24 | Z6: 27916 | AA6: 0.408 | AB6: 761 | AC6: 0.14791667 | AD6: 6 | AE6: 2238 | AF6: 4 | AG6: 880 | AH6: 1 | AI6: 8
A7: 260508 | B7: 1 | C7: 夜魇 | D7: 负 | E7: 26 | F7: 记者 | G7: =VLOOKUP(F7,选手工资!A8:C35,3,FALSE) -> 4 | H7: 破晓辰星 | I7: 3 | J7: 19 | K7: 6 | L7: 6 | M7: 9 | N7: 0.577 | O7: 0.21 | P7: 15046 | Q7: 233 | R7: 9 | S7: 474 | T7: 598 | U7: 2 | V7: 3888 | W7: 0 | X7: 20383 | Y7: 633 | Z7: 59047 | AA7: 0.491 | AB7: 1618 | AC7: 0.19236111 | AD7: 8 | AE7: 4138 | AF7: 7 | AG7: 0 | AH7: 0 | AI7: 0
A8: 260508 | B8: 1 | C8: 夜魇 | D8: 负 | E8: 26 | F8: xian | G8: 10.5 | H8: 森海飞霞 | I8: 2 | J8: 21 | K8: 7 | L8: 7 | M8: 8 | N8: 0.577 | O8: 0.236 | P8: 14747 | Q8: 222 | R8: 8 | S8: 498 | T8: 681 | U8: 2 | V8: 0 | W8: 0 | X8: 22871 | Y8: 0 | Z8: 41541 | AA8: 0.451 | AB8: 1448 | AC8: 0.16388889 | AD8: 10 | AE8: 3487 | AF8: 7 | AG8: 50 | AH8: 2 | AI8: 0
A9: 260508 | B9: 1 | C9: 夜魇 | D9: 负 | E9: 26 | F9: 机器人 | G9: =VLOOKUP(F9,选手工资!A10:C37,3,FALSE) -> #N/A | H9: 小小 | I9: 1 | J9: 21 | K9: 8 | L9: 8 | M9: 5 | N9: 0.5 | O9: 0.258 | P9: 17237 | Q9: 256 | R9: 4 | S9: 541 | T9: 732 | U9: 1 | V9: 0 | W9: 0 | X9: 24991 | Y9: 449 | Z9: 60584 | AA9: 0.399 | AB9: 1945 | AC9: 0.26458333 | AD9: 3 | AE9: 4013 | AF9: 6 | AG9: 0 | AH9: 0 | AI9: 0
A10: 260508 | B10: 1 | C10: 夜魇 | D10: 负 | E10: 26 | F10: 马忠 | G10: 8.5 | H10: 拉比克 | I10: 4 | J10: 16 | K10: 4 | L10: 10 | M10: 16 | N10: 0.769 | O10: 0.203 | P10: 8479 | Q10: 69 | R10: 1 | S10: 317 | T10: 421 | U10: 1 | V10: 0 | W10: 1 | X10: 19647 | Y10: 0 | Z10: 31837 | AA10: 0.331 | AB10: 1280 | AC10: 0.25277778 | AD10: 4 | AE10: 2289 | AF10: 6 | AG10: 800 | AH10: 3 | AI10: 5
A11: 260508 | B11: 1 | C11: 夜魇 | D11: 负 | E11: 26 | F11: 小队 | G11: =VLOOKUP(F11,选手工资!A7:C34,3,FALSE) -> 2 | H11: 干扰者 | I11: 5 | J11: 15 | K11: 1 | L11: 13 | M11: 16 | N11: 0.654 | O11: 0.092 | P11: 6586 | Q11: 18 | R11: 0 | S11: 250 | T11: 388 | U11: 1 | V11: 0 | W11: 0 | X11: 8955 | Y11: 0 | Z11: 25735 | AA11: 0.281 | AB11: 820 | AC11: 0.26597222 | AD11: 7 | AE11: 1485 | AF11: 5 | AG11: 550 | AH11: 2 | AI11: 4
A13: 比赛ID | B13: 8802574130
A14: 比赛时长 | B14: 35:19

Sheet 260508-2
A1: 日期 | B1: 场次 | C1: 阵营 | D1: 结果 | E1: 队伍击杀 | F1: 选手 | G1: 选手工资 | H1: 英雄 | I1: 位置 | J1: 等级 | K1: K | L1: D | M1: A | N1: 参战率 | O1: 输出占比 | P1: 财产 | Q1: 正补 | R1: 反补 | S1: GPM | T1: XPM | U1: 赏金神符 | V1: 治疗 | W1: 前哨 | X1: 英雄伤害 | Y1: 建筑伤害 | Z1: 承伤减免前 | AA1: 伤害减免比例 | AB1: 死亡损失金钱 | AC1: 死亡时间 | AD1: 挑选顺位 | AE1: 10分钟财产 | AF1: 10分钟等级 | AG1: 辅助道具金钱 | AH1: 堆野数 | AI1: 反眼数
A2: 260508 | B2: 2 | C2: 天辉 | D2: 胜 | E2: 37 | F2: D | G2: =VLOOKUP(F2,选手工资!$A:$C,3,FALSE) -> 9.5 | H2: 石鳞剑士 | I2: 2 | J2: 30 | K2: 11 | L2: 4 | M2: 14 | N2: 0.676 | O2: 0.331 | P2: 40443 | Q2: 754 | R2: 2 | S2: 798 | T2: 1096 | U2: 3 | V2: 0 | W2: 2 | X2: 61393 | Y2: 2419 | Z2: 78986 | AA2: 0.615 | AB2: 1898 | AC2: 0.11041667 | AD2: 9 | AE2: 4392 | AF2: 8 | AG2: 100 | AH2: 0 | AI2: 4
A3: 260508 | B3: 2 | C3: 天辉 | D3: 胜 | E3: 37 | F3: 小孩 | G3: =VLOOKUP(F3,选手工资!$A:$C,3,FALSE) -> 5.5 | H3: 齐天大圣 | I3: 1 | J3: 29 | K3: 11 | L3: 7 | M3: 11 | N3: 0.595 | O3: 0.296 | P3: 41183 | Q3: 681 | R3: 40 | S3: 734 | T3: 1061 | U3: 2 | V3: 0 | W3: 0 | X3: 54927 | Y3: 21087 | Z3: 92383 | AA3: 0.526 | AB3: 3001 | AC3: 0.32291667 | AD3: 6 | AE3: 4340 | AF3: 7 | AG3: 0 | AH3: 1 | AI3: 1
A4: 260508 | B4: 2 | C4: 夜魇 | D4: 负 | E4: 39 | F4: 郝哥 | G4: =VLOOKUP(F4,选手工资!$A:$C,3,FALSE) -> 7.5 | H4: 宙斯 | I4: 2 | J4: 28 | K4: 9 | L4: 5 | M4: 23 | N4: 0.821 | O4: 0.41 | P4: 34118 | Q4: 665 | R4: 7 | S4: 690 | T4: 929 | U4: 3 | V4: 0 | W4: 0 | X4: 67958 | Y4: 49 | Z4: 47727 | AA4: 0.364 | AB4: 1900 | AC4: 0.072222222 | AD4: 10 | AE4: 4301 | AF4: 8 | AG4: 50 | AH4: 3 | AI4: 4
A5: 260508 | B5: 2 | C5: 夜魇 | D5: 负 | E5: 39 | F5: 博洋 | G5: =VLOOKUP(F5,选手工资!$A:$C,3,FALSE) -> 6.5 | H5: 冥魂大帝 | I5: 1 | J5: 29 | K5: 14 | L5: 5 | M5: 10 | N5: 0.615 | O5: 0.278 | P5: 32995 | Q5: 585 | R5: 13 | S5: 700 | T5: 977 | U5: 5 | V5: 0 | W5: 0 | X5: 46135 | Y5: 4681 | Z5: 151944 | AA5: 0.6 | AB5: 3468 | AC5: 0.22291667 | AD5: 8 | AE5: 4196 | AF5: 7 | AG5: 0 | AH5: 0 | AI5: 0
A6: 260508 | B6: 2 | C6: 夜魇 | D6: 负 | E6: 39 | F6: 阵容 | G6: =VLOOKUP(F6,选手工资!$A:$C,3,FALSE) -> 7 | H6: 暗夜魔王 | I6: 3 | J6: 27 | K6: 11 | L6: 6 | M6: 12 | N6: 0.59 | O6: 0.164 | P6: 21745 | Q6: 345 | R6: 10 | S6: 462 | T6: 744 | U6: 3 | V6: 0 | W6: 0 | X6: 27185 | Y6: 665 | Z6: 85550 | AA6: 0.564 | AB6: 1885 | AC6: 0.20486111 | AD6: 7 | AE6: 3937 | AF6: 7 | AG6: 500 | AH6: 0 | AI6: 1
A7: 260508 | B7: 2 | C7: 天辉 | D7: 胜 | E7: 37 | F7: 之后 | G7: =VLOOKUP(F7,选手工资!$A:$C,3,FALSE) -> 1 | H7: 撼地者 | I7: 3 | J7: 25 | K7: 4 | L7: 9 | M7: 14 | N7: 0.486 | O7: 0.125 | P7: 20017 | Q7: 311 | R7: 1 | S7: 412 | T7: 633 | U7: 2 | V7: 0 | W7: 1 | X7: 23196 | Y7: 643 | Z7: 69379 | AA7: 0.431 | AB7: 2464 | AC7: 0.28680556 | AD7: 2 | AE7: 2872 | AF7: 6 | AG7: 0 | AH7: 2 | AI7: 0
A8: 260508 | B8: 2 | C8: 天辉 | D8: 胜 | E8: 37 | F8: 老虎 | G8: =VLOOKUP(F8,选手工资!$A:$C,3,FALSE) -> 5 | H8: 沉默术士 | I8: 5 | J8: 24 | K8: 5 | L8: 9 | M8: 18 | N8: 0.622 | O8: 0.091 | P8: 17706 | Q8: 127 | R8: 0 | S8: 326 | T8: 552 | U8: 4 | V8: 0 | W8: 0 | X8: 16960 | Y8: 393 | Z8: 36850 | AA8: 0.499 | AB8: 1406 | AC8: 0.26111111 | AD8: 1 | AE8: 2812 | AF8: 6 | AG8: 1100 | AH8: 1 | AI8: 6
A9: 260508 | B9: 2 | C9: 夜魇 | D9: 负 | E9: 39 | F9: 教练 | G9: =VLOOKUP(F9,选手工资!$A:$C,3,FALSE) -> 6 | H9: 莉娜 | I9: 5 | J9: 22 | K9: 3 | L9: 12 | M9: 13 | N9: 0.41 | O9: 0.073 | P9: 12964 | Q9: 196 | R9: 1 | S9: 314 | T9: 480 | U9: 2 | V9: 0 | W9: 1 | X9: 12166 | Y9: 373 | Z9: 41144 | AA9: 0.425 | AB9: 1540 | AC9: 0.38333333 | AD9: 3 | AE9: 2490 | AF9: 6 | AG9: 3050 | AH9: 1 | AI9: 8
A10: 260508 | B10: 2 | C10: 天辉 | D10: 胜 | E10: 37 | F10: 马忠 | G10: =VLOOKUP(F10,选手工资!$A:$C,3,FALSE) -> 8.5 | H10: 拉比克 | I10: 4 | J10: 26 | K10: 5 | L10: 10 | M10: 24 | N10: 0.784 | O10: 0.156 | P10: 20599 | Q10: 189 | R10: 4 | S10: 414 | T10: 736 | U10: 6 | V10: 469 | W10: 0 | X10: 28908 | Y10: 192 | Z10: 61157 | AA10: 0.451 | AB10: 1330 | AC10: 0.21597222 | AD10: 5 | AE10: 2452 | AF10: 5 | AG10: 650 | AH10: 4 | AI10: 2
A11: 260508 | B11: 2 | C11: 夜魇 | D11: 负 | E11: 39 | F11: 胖蟹 | G11: =VLOOKUP(F11,选手工资!$A:$C,3,FALSE) -> 3 | H11: 风行者 | I11: 4 | J11: 26 | K11: 2 | L11: 9 | M11: 21 | N11: 0.59 | O11: 0.074 | P11: 14250 | Q11: 118 | R11: 2 | S11: 332 | T11: 659 | U11: 0 | V11: 3332 | W11: 0 | X11: 12316 | Y11: 3498 | Z11: 57399 | AA11: 0.432 | AB11: 1413 | AC11: 0.23055556 | AD11: 4 | AE11: 1873 | AF11: 5 | AG11: 830 | AH11: 3 | AI11: 3
A13: 比赛ID | B13: 8802642559
A14: 比赛时长 | B14: 58:44

Sheet 260508-3
A1: 日期 | B1: 场次 | C1: 阵营 | D1: 结果 | E1: 队伍击杀 | F1: 选手 | G1: 选手工资 | H1: 英雄 | I1: 位置 | J1: 等级 | K1: K | L1: D | M1: A | N1: 参战率 | O1: 输出占比 | P1: 财产 | Q1: 正补 | R1: 反补 | S1: GPM | T1: XPM | U1: 赏金神符 | V1: 治疗 | W1: 前哨 | X1: 英雄伤害 | Y1: 建筑伤害 | Z1: 承伤减免前 | AA1: 伤害减免比例 | AB1: 死亡损失金钱 | AC1: 死亡时间 | AD1: 挑选顺位 | AE1: 10分钟财产 | AF1: 10分钟等级 | AG1: 辅助道具金钱 | AH1: 堆野数 | AI1: 反眼数
A2: 260508 | B2: 3 | C2: 天辉 | D2: 负 | E2: 47 | F2: ldxy | G2: =VLOOKUP(F2,选手工资!$A:$C,3,FALSE) -> 7.5 | H2: 昆卡 | I2: 2 | J2: 28 | K2: 8 | L2: 10 | M2: 18 | N2: 0.553 | O2: 0.216 | P2: 29961 | Q2: 510 | R2: 4 | S2: 613 | T2: 966 | U2: 5 | V2: 0 | W2: 0 | X2: 40079 | Y2: 633 | Z2: 107193 | AA2: 0.516 | AB2: 2372 | AC2: 0.32291667 | AD2: 6 | AE2: 3121 | AF2: 8 | AG2: 130 | AH2: 0 | AI2: 1
A3: 260508 | B3: 3 | C3: 天辉 | D3: 负 | E3: 47 | F3: 马忠 | G3: =VLOOKUP(F3,选手工资!$A:$C,3,FALSE) -> 8.5 | H3: 小小 | I3: 1 | J3: 29 | K3: 12 | L3: 9 | M3: 21 | N3: 0.702 | O3: 0.317 | P3: 35120 | Q3: 616 | R3: 17 | S3: 718 | T3: 1070 | U3: 0 | V3: 0 | W3: 0 | X3: 58970 | Y3: 3317 | Z3: 106107 | AA3: 0.438 | AB3: 2371 | AC3: 0.30763889 | AD3: 2 | AE3: 4384 | AF3: 7 | AG3: 80 | AH3: 1 | AI3: 4
A4: 260508 | B4: 3 | C4: 天辉 | D4: 负 | E4: 47 | F4: 阵容 | G4: =VLOOKUP(F4,选手工资!$A:$C,3,FALSE) -> 7 | H4: 斯拉达 | I4: 3 | J4: 27 | K4: 14 | L4: 11 | M4: 18 | N4: 0.681 | O4: 0.16 | P4: 25905 | Q4: 364 | R4: 5 | S4: 555 | T4: 812 | U4: 7 | V4: 0 | W4: 1 | X4: 29692 | Y4: 333 | Z4: 99393 | AA4: 0.544 | AB4: 2862 | AC4: 0.40555556 | AD4: 9 | AE4: 4542 | AF4: 6 | AG4: 260 | AH4: 0 | AI4: 0
A5: 260508 | B5: 3 | C5: 天辉 | D5: 负 | E5: 47 | F5: 呆叔 | G5: =VLOOKUP(F5,选手工资!$A:$C,3,FALSE) -> 4 | H5: 干扰者 | I5: 5 | J5: 25 | K5: 7 | L5: 10 | M5: 29 | N5: 0.766 | O5: 0.109 | P5: 14899 | Q5: 112 | R5: 1 | S5: 357 | T5: 609 | U5: 5 | V5: 1047 | W5: 1 | X5: 20208 | Y5: 143 | Z5: 52550 | AA5: 0.431 | AB5: 1740 | AC5: 0.25763889 | AD5: 1 | AE5: 1742 | AF5: 5 | AG5: 2100 | AH5: 4 | AI5: 4
A6: 260508 | B6: 3 | C6: 天辉 | D6: 负 | E6: 47 | F6: 记者 | G6: =VLOOKUP(F6,选手工资!$A:$C,3,FALSE) -> 4 | H6: 工程师 | I6: 4 | J6: 25 | K6: 6 | L6: 16 | M6: 24 | N6: 0.638 | O6: 0.199 | P6: 18569 | Q6: 173 | R6: 1 | S6: 388 | T6: 648 | U6: 0 | V6: 6220 | W6: 0 | X6: 36927 | Y6: 994 | Z6: 69448 | AA6: 0.505 | AB6: 2782 | AC6: 0.46319444 | AD6: 5 | AE6: 1485 | AF6: 4 | AG6: 660 | AH6: 4 | AI6: 4
A7: 260508 | B7: 3 | C7: 夜魇 | D7: 胜 | E7: 56 | F7: 小孩 | G7: =VLOOKUP(F7,选手工资!$A:$C,3,FALSE) -> 5.5 | H7: 冥界亚龙 | I7: 2 | J7: 28 | K7: 21 | L7: 7 | M7: 17 | N7: 0.679 | O7: 0.285 | P7: 29579 | Q7: 229 | R7: 13 | S7: 546 | T7: 898 | U7: 2 | V7: 216 | W7: 2 | X7: 63123 | Y7: 10725 | Z7: 69705 | AA7: 0.543 | AB7: 2735 | AC7: 0.34722222 | AD7: 10 | AE7: 3884 | AF7: 8 | AG7: 200 | AH7: 0 | AI7: 8
A8: 260508 | B8: 3 | C8: 夜魇 | D8: 胜 | E8: 56 | F8: 博洋 | G8: =VLOOKUP(F8,选手工资!$A:$C,3,FALSE) -> 6.5 | H8: 炼金术士 | I8: 1 | J8: 30 | K8: 13 | L8: 6 | M8: 28 | N8: 0.732 | O8: 0.301 | P8: 29092 | Q8: 550 | R8: 8 | S8: 863 | T8: 1249 | U8: 5 | V8: 0 | W8: 0 | X8: 66461 | Y8: 13930 | Z8: 86831 | AA8: 0.472 | AB8: 1315 | AC8: 0.16944444 | AD8: 3 | AE8: 4653 | AF8: 6 | AG8: 900 | AH8: 7 | AI8: 1
A9: 260508 | B9: 3 | C9: 夜魇 | D9: 胜 | E9: 56 | F9: 机器人 | G9: =VLOOKUP(F9,选手工资!$A:$C,3,FALSE) -> 5 | H9: 暗夜魔王 | I9: 3 | J9: 26 | K9: 9 | L9: 13 | M9: 22 | N9: 0.554 | O9: 0.157 | P9: 30344 | Q9: 315 | R9: 11 | S9: 514 | T9: 741 | U9: 4 | V9: 0 | W9: 0 | X9: 34714 | Y9: 3061 | Z9: 103314 | AA9: 0.5 | AB9: 3917 | AC9: 0.52708333 | AD9: 8 | AE9: 3396 | AF9: 6 | AG9: 160 | AH9: 1 | AI9: 0
A10: 260508 | B10: 3 | C10: 夜魇 | D10: 胜 | E10: 56 | F10: 郝哥 | G10: =VLOOKUP(F10,选手工资!$A:$C,3,FALSE) -> 7.5 | H10: 司夜刺客 | I10: 4 | J10: 23 | K10: 7 | L10: 12 | M10: 29 | N10: 0.643 | O10: 0.143 | P10: 22418 | Q10: 109 | R10: 0 | S10: 399 | T10: 505 | U10: 2 | V10: 0 | W10: 0 | X10: 31589 | Y10: 1873 | Z10: 72232 | AA10: 0.491 | AB10: 3242 | AC10: 0.48402778 | AD10: 7 | AE10: 2356 | AF10: 5 | AG10: 1140 | AH10: 0 | AI10: 6
A11: 260508 | B11: 3 | C11: 夜魇 | D11: 胜 | E11: 56 | F11: valar | G11: =VLOOKUP(F11,选手工资!$A:$C,3,FALSE) -> 6 | H11: 天涯墨客 | I11: 5 | J11: 23 | K11: 6 | L11: 9 | M11: 29 | N11: 0.625 | O11: 0.114 | P11: 17918 | Q11: 68 | R11: 1 | S11: 330 | T11: 540 | U11: 1 | V11: 0 | W11: 1 | X11: 25230 | Y11: 405 | Z11: 31281 | AA11: 0.366 | AB11: 1522 | AC11: 0.28541667 | AD11: 4 | AE11: 2236 | AF11: 6 | AG11: 1400 | AH11: 4 | AI11: 7
A13: 比赛ID | B13: 8802748606
A14: 比赛时长 | B14: 56:51

Sheet 260509-1
A1: 日期 | B1: 场次 | C1: 阵营 | D1: 结果 | E1: 队伍击杀 | F1: 选手 | G1: 选手工资 | H1: 英雄 | I1: 位置 | J1: 等级 | K1: K | L1: D | M1: A | N1: 参战率 | O1: 输出占比 | P1: 财产 | Q1: 正补 | R1: 反补 | S1: GPM | T1: XPM | U1: 赏金神符 | V1: 治疗 | W1: 前哨 | X1: 英雄伤害 | Y1: 建筑伤害 | Z1: 承伤减免前 | AA1: 伤害减免比例 | AB1: 死亡损失金钱 | AC1: 死亡时间 | AD1: 挑选顺位 | AE1: 10分钟财产 | AF1: 10分钟等级 | AG1: 辅助道具金钱 | AH1: 堆野数 | AI1: 反眼数
A2: 260509 | B2: 1 | C2: 天辉 | D2: 胜 | E2: 43 | F2: 阵容 | G2: =VLOOKUP(F2,选手工资!$A:$D,4,FALSE) -> 6 | H2: 冥界亚龙 | I2: 2 | J2: 27 | K2: 12 | L2: 5 | M2: 25 | N2: 0.86 | O2: 0.332 | P2: 29439 | Q2: 340 | R2: 20 | S2: 625 | T2: 979 | U2: 4 | V2: 177 | W2: 0 | X2: 55392 | Y2: 2651 | Z2: 96192 | AA2: 0.639 | AB2: 1251 | AC2: 0.18541667 | AD2: 9 | AE2: 3946 | AF2: 8 | AG2: 100 | AH2: 0 | AI2: 2
A3: 260509 | B3: 1 | C3: 天辉 | D3: 胜 | E3: 43 | F3: 郝哥 | G3: =VLOOKUP(F3,选手工资!$A:$D,4,FALSE) -> 8.5 | H3: 虚空假面 | I3: 1 | J3: 28 | K3: 8 | L3: 6 | M3: 30 | N3: 0.884 | O3: 0.26 | P3: 37098 | Q3: 554 | R3: 8 | S3: 755 | T3: 1064 | U3: 4 | V3: 0 | W3: 0 | X3: 43391 | Y3: 16700 | Z3: 101709 | AA3: 0.605 | AB3: 649 | AC3: 0.14097222 | AD3: 5 | AE3: 3838 | AF3: 7 | AG3: 0 | AH3: 1 | AI3: 3
A4: 260509 | B4: 1 | C4: 天辉 | D4: 胜 | E4: 43 | F4: 记者 | G4: =VLOOKUP(F4,选手工资!$A:$D,4,FALSE) -> 3 | H4: 全能骑士 | I4: 3 | J4: 25 | K4: 4 | L4: 8 | M4: 20 | N4: 0.558 | O4: 0.12 | P4: 19642 | Q4: 205 | R4: 5 | S4: 431 | T4: 694 | U4: 1 | V4: 4618 | W4: 0 | X4: 19933 | Y4: 2219 | Z4: 103491 | AA4: 0.658 | AB4: 1981 | AC4: 0.30277778 | AD4: 1 | AE4: 3038 | AF4: 5 | AG4: 50 | AH4: 1 | AI4: 0
A5: 260509 | B5: 1 | C5: 天辉 | D5: 胜 | E5: 43 | F5: 教练 | G5: =VLOOKUP(F5,选手工资!$A:$D,4,FALSE) -> 5 | H5: 森海飞霞 | I5: 4 | J5: 24 | K5: 5 | L5: 7 | M5: 27 | N5: 0.744 | O5: 0.139 | P5: 17355 | Q5: 81 | R5: 0 | S5: 395 | T5: 652 | U5: 2 | V5: 1593 | W5: 3 | X5: 23159 | Y5: 864 | Z5: 43875 | AA5: 0.588 | AB5: 412 | AC5: 0.13611111 | AD5: 6 | AE5: 1930 | AF5: 5 | AG5: 1300 | AH5: 1 | AI5: 11
A6: 260509 | B6: 1 | C6: 天辉 | D6: 胜 | E6: 43 | F6: 小队 | G6: =VLOOKUP(F6,选手工资!$A:$D,4,FALSE) -> 1.5 | H6: 电炎绝手 | I6: 5 | J6: 24 | K6: 13 | L6: 6 | M6: 23 | N6: 0.837 | O6: 0.149 | P6: 19340 | Q6: 61 | R6: 1 | S6: 411 | T6: 637 | U6: 1 | V6: 6211 | W6: 3 | X6: 24866 | Y6: 2240 | Z6: 44936 | AA6: 0.498 | AB6: 741 | AC6: 0.14722222 | AD6: 2 | AE6: 1771 | AF6: 5 | AG6: 500 | AH6: 2 | AI6: 6
A7: 260509 | B7: 1 | C7: 夜魇 | D7: 负 | E7: 32 | F7: 老板 | G7: =VLOOKUP(F7,选手工资!$A:$D,4,FALSE) -> 4.5 | H7: 瘟疫法师 | I7: 2 | J7: 25 | K7: 5 | L7: 5 | M7: 12 | N7: 0.531 | O7: 0.226 | P7: 22140 | Q7: 338 | R7: 2 | S7: 495 | T7: 709 | U7: 4 | V7: 10403 | W7: 0 | X7: 34282 | Y7: 609 | Z7: 66986 | AA7: 0.411 | AB7: 1799 | AC7: 0.19027778 | AD7: 3 | AE7: 3327 | AF7: 7 | AG7: 0 | AH7: 3 | AI7: 0
A8: 260509 | B8: 1 | C8: 夜魇 | D8: 负 | E8: 32 | F8: jin | G8: =VLOOKUP(F8,选手工资!$A:$D,4,FALSE) -> 6 | H8: 莱恩 | I8: 4 | J8: 19 | K8: 3 | L8: 10 | M8: 20 | N8: 0.719 | O8: 0.085 | P8: 11708 | Q8: 64 | R8: 5 | S8: 313 | T8: 394 | U8: 4 | V8: 125 | W8: 0 | X8: 12903 | Y8: 222 | Z8: 41969 | AA8: 0.45 | AB8: 1178 | AC8: 0.31388889 | AD8: 7 | AE8: 2581 | AF8: 6 | AG8: 1600 | AH8: 2 | AI8: 11
A9: 260509 | B9: 1 | C9: 夜魇 | D9: 负 | E9: 32 | F9: 机器猫 | G9: =VLOOKUP(F9,选手工资!$A:$D,4,FALSE) -> 4 | H9: 斧王 | I9: 3 | J9: 22 | K9: 7 | L9: 9 | M9: 12 | N9: 0.594 | O9: 0.194 | P9: 19473 | Q9: 273 | R9: 4 | S9: 439 | T9: 561 | U9: 2 | V9: 0 | W9: 0 | X9: 29399 | Y9: 834 | Z9: 78429 | AA9: 0.495 | AB9: 2188 | AC9: 0.36111111 | AD9: 8 | AE9: 4713 | AF9: 7 | AG9: 50 | AH9: 0 | AI9: 1
A10: 260509 | B10: 1 | C10: 夜魇 | D10: 负 | E10: 32 | F10: 小孩 | G10: =VLOOKUP(F10,选手工资!$A:$D,4,FALSE) -> 7 | H10: 齐天大圣 | I10: 1 | J10: 27 | K10: 14 | L10: 6 | M10: 9 | N10: 0.719 | O10: 0.409 | P10: 28087 | Q10: 488 | R10: 18 | S10: 682 | T10: 876 | U10: 5 | V10: 0 | W10: 4 | X10: 62065 | Y10: 11533 | Z10: 88273 | AA10: 0.519 | AB10: 2831 | AC10: 0.25694444 | AD10: 10 | AE10: 4495 | AF10: 6 | AG10: 0 | AH10: 0 | AI10: 2
A11: 260509 | B11: 1 | C11: 夜魇 | D11: 负 | E11: 32 | F11: 胖蟹 | G11: =VLOOKUP(F11,选手工资!$A:$D,4,FALSE) -> 2.5 | H11: 暗影萨满 | I11: 5 | J11: 18 | K11: 3 | L11: 13 | M11: 19 | N11: 0.688 | O11: 0.087 | P11: 9698 | Q11: 64 | R11: 3 | S11: 278 | T11: 380 | U11: 0 | V11: 0 | W11: 1 | X11: 13162 | Y11: 3968 | Z11: 41355 | AA11: 0.465 | AB11: 1336 | AC11: 0.40833333 | AD11: 4 | AE11: 1557 | AF11: 5 | AG11: 850 | AH11: 0 | AI11: 5
A14: 比赛ID | B14: 8804007353
A15: 比赛时长 | B15: 50:13

Sheet 260509-2
A1: 日期 | B1: 场次 | C1: 阵营 | D1: 结果 | E1: 队伍击杀 | F1: 选手 | G1: 选手工资 | H1: 英雄 | I1: 位置 | J1: 等级 | K1: K | L1: D | M1: A | N1: 参战率 | O1: 输出占比 | P1: 财产 | Q1: 正补 | R1: 反补 | S1: GPM | T1: XPM | U1: 赏金神符 | V1: 治疗 | W1: 前哨 | X1: 英雄伤害 | Y1: 建筑伤害 | Z1: 承伤减免前 | AA1: 伤害减免比例 | AB1: 死亡损失金钱 | AC1: 死亡时间 | AD1: 挑选顺位 | AE1: 10分钟财产 | AF1: 10分钟等级 | AG1: 辅助道具金钱 | AH1: 堆野数 | AI1: 反眼数
A2: 260509 | B2: 2 | C2: 天辉 | D2: 负 | E2: 25 | F2: cac | G2: =VLOOKUP(F2,选手工资!$A:$D,4,FALSE) -> 7.5 | H2: 艾欧 | I2: 2 | J2: 24 | K2: 3 | L2: 13 | M2: 17 | N2: 0.8 | O2: 0.262 | P2: 19769 | Q2: 322 | R2: 9 | S2: 474 | T2: 712 | U2: 0 | V2: 5756 | W2: 0 | X2: 32027 | Y2: 591 | Z2: 106404 | AA2: 0.523 | AB2: 2885 | AC2: 0.47638889 | AD2: 9 | AE2: 4109 | AF2: 8 | AG2: 100 | AH2: 2 | AI2: 2
A3: 260509 | B3: 2 | C3: 天辉 | D3: 负 | E3: 25 | F3: 记者 | G3: =VLOOKUP(F3,选手工资!$A:$D,4,FALSE) -> 3 | H3: 全能骑士 | I3: 3 | J3: 22 | K3: 3 | L3: 7 | M3: 4 | N3: 0.28 | O3: 0.171 | P3: 17908 | Q3: 319 | R3: 12 | S3: 425 | T3: 588 | U3: 1 | V3: 2127 | W3: 1 | X3: 20909 | Y3: 434 | Z3: 63778 | AA3: 0.471 | AB3: 2331 | AC3: 0.29444444 | AD3: 6 | AE3: 3773 | AF3: 6 | AG3: 0 | AH3: 1 | AI3: 1
A4: 260509 | B4: 2 | C4: 天辉 | D4: 负 | E4: 25 | F4: 老板 | G4: =VLOOKUP(F4,选手工资!$A:$D,4,FALSE) -> 4.5 | H4: 琼英碧灵 | I4: 1 | J4: 24 | K4: 9 | L4: 11 | M4: 8 | N4: 0.68 | O4: 0.265 | P4: 21996 | Q4: 400 | R4: 11 | S4: 560 | T4: 719 | U4: 3 | V4: 0 | W4: 0 | X4: 32406 | Y4: 718 | Z4: 48122 | AA4: 0.474 | AB4: 2153 | AC4: 0.39097222 | AD4: 2 | AE4: 3697 | AF4: 6 | AG4: 0 | AH4: 4 | AI4: 0
A5: 260509 | B5: 2 | C5: 天辉 | D5: 负 | E5: 25 | F5: 教练 | G5: =VLOOKUP(F5,选手工资!$A:$D,4,FALSE) -> 5 | H5: 克林克兹 | I5: 4 | J5: 24 | K5: 8 | L5: 11 | M5: 9 | N5: 0.68 | O5: 0.194 | P5: 13938 | Q5: 141 | R5: 14 | S5: 382 | T5: 667 | U5: 3 | V5: 0 | W5: 0 | X5: 23700 | Y5: 1553 | Z5: 42098 | AA5: 0.391 | AB5: 1892 | AC5: 0.37638889 | AD5: 5 | AE5: 2524 | AF5: 5 | AG5: 250 | AH5: 2 | AI5: 5
A6: 260509 | B6: 2 | C6: 天辉 | D6: 负 | E6: 25 | F6: ldxy | G6: =VLOOKUP(F6,选手工资!$A:$D,4,FALSE) -> 6.5 | H6: 远古冰魄 | I6: 5 | J6: 23 | K6: 2 | L6: 9 | M6: 20 | N6: 0.88 | O6: 0.109 | P6: 12574 | Q6: 122 | R6: 2 | S6: 343 | T6: 640 | U6: 3 | V6: 393 | W6: 1 | X6: 13276 | Y6: 0 | Z6: 32935 | AA6: 0.509 | AB6: 1272 | AC6: 0.22083333 | AD6: 1 | AE6: 2343 | AF6: 5 | AG6: 1400 | AH6: 4 | AI6: 16
A7: 260509 | B7: 2 | C7: 夜魇 | D7: 胜 | E7: 50 | F7: 郝哥 | G7: =VLOOKUP(F7,选手工资!$A:$D,4,FALSE) -> 8.5 | H7: 痛苦女王 | I7: 2 | J7: 29 | K7: 13 | L7: 2 | M7: 23 | N7: 0.72 | O7: 0.358 | P7: 36609 | Q7: 516 | R7: 15 | S7: 818 | T7: 1197 | U7: 3 | V7: 0 | W7: 0 | X7: 54262 | Y7: 5325 | Z7: 54992 | AA7: 0.521 | AB7: 676 | AC7: 0.084722222 | AD7: 10 | AE7: 4818 | AF7: 9 | AG7: 50 | AH7: 1 | AI7: 1
A8: 260509 | B8: 2 | C8: 夜魇 | D8: 胜 | E8: 50 | F8: 机器猫 | G8: =VLOOKUP(F8,选手工资!$A:$D,4,FALSE) -> 4 | H8: 巨牙海民 | I8: 3 | J8: 26 | K8: 10 | L8: 9 | M8: 20 | N8: 0.6 | O8: 0.211 | P8: 19776 | Q8: 294 | R8: 2 | S8: 542 | T8: 851 | U8: 5 | V8: 0 | W8: 0 | X8: 31944 | Y8: 3167 | Z8: 58730 | AA8: 0.419 | AB8: 2530 | AC8: 0.30555556 | AD8: 7 | AE8: 3771 | AF8: 7 | AG8: 130 | AH8: 0 | AI8: 0
A9: 260509 | B9: 2 | C9: 夜魇 | D9: 胜 | E9: 50 | F9: 小孩 | G9: =VLOOKUP(F9,选手工资!$A:$D,4,FALSE) -> 7 | H9: 虚空假面 | I9: 1 | J9: 28 | K9: 14 | L9: 3 | M9: 19 | N9: 0.66 | O9: 0.221 | P9: 33574 | Q9: 431 | R9: 11 | S9: 746 | T9: 1098 | U9: 4 | V9: 0 | W9: 1 | X9: 33476 | Y9: 10200 | Z9: 53316 | AA9: 0.435 | AB9: 1334 | AC9: 0.14097222 | AD9: 8 | AE9: 3480 | AF9: 6 | AG9: 200 | AH9: 1 | AI9: 6
A10: 260509 | B10: 2 | C10: 夜魇 | D10: 胜 | E10: 50 | F10: 老虎 | G10: =VLOOKUP(F10,选手工资!$A:$D,4,FALSE) -> 5.5 | H10: 森海飞霞 | I10: 4 | J10: 26 | K10: 10 | L10: 8 | M10: 30 | N10: 0.8 | O10: 0.124 | P10: 20560 | Q10: 176 | R10: 0 | S10: 469 | T10: 895 | U10: 3 | V10: 0 | W10: 3 | X10: 18815 | Y10: 4384 | Z10: 26596 | AA10: 0.441 | AB10: 1317 | AC10: 0.24791667 | AD10: 3 | AE10: 2560 | AF10: 5 | AG10: 480 | AH10: 0 | AI10: 5
A11: 260509 | B11: 2 | C11: 夜魇 | D11: 胜 | E11: 50 | F11: 小队 | G11: =VLOOKUP(F11,选手工资!$A:$D,4,FALSE) -> 1.5 | H11: 邪影芳灵 | I11: 5 | J11: 24 | K11: 3 | L11: 3 | M11: 21 | N11: 0.48 | O11: 0.087 | P11: 14684 | Q11: 59 | R11: 1 | S11: 355 | T11: 697 | U11: 1 | V11: 0 | W11: 1 | X11: 13139 | Y11: 1626 | Z11: 24620 | AA11: 0.384 | AB11: 479 | AC11: 0.097916667 | AD11: 4 | AE11: 1891 | AF11: 5 | AG11: 2030 | AH11: 2 | AI11: 12
A13: 比赛ID | B13: 8804102504
A14: 比赛时长 | B14: 47:14

Sheet 260509-3
A1: 日期 | B1: 场次 | C1: 阵营 | D1: 结果 | E1: 队伍击杀 | F1: 选手 | G1: 选手工资 | H1: 英雄 | I1: 位置 | J1: 等级 | K1: K | L1: D | M1: A | N1: 参战率 | O1: 输出占比 | P1: 财产 | Q1: 正补 | R1: 反补 | S1: GPM | T1: XPM | U1: 赏金神符 | V1: 治疗 | W1: 前哨 | X1: 英雄伤害 | Y1: 建筑伤害 | Z1: 承伤减免前 | AA1: 伤害减免比例 | AB1: 死亡损失金钱 | AC1: 死亡时间 | AD1: 挑选顺位 | AE1: 10分钟财产 | AF1: 10分钟等级 | AG1: 辅助道具金钱 | AH1: 堆野数 | AI1: 反眼数
A2: 260509 | B2: 3 | C2: 夜魇 | D2: 胜 | E2: 51 | F2: 小孩 | G2: =VLOOKUP(F2,选手工资!$A:$D,4,FALSE) -> 7 | H2: 宙斯 | I2: 2 | J2: 30 | K2: 18 | L2: 2 | M2: 23 | N2: 0.804 | O2: 0.396 | P2: 42743 | Q2: 463 | R2: 9 | S2: 784 | T2: 1179 | U2: 6 | V2: 0 | W2: 0 | X2: 72142 | Y2: 3866 | Z2: 39157 | AA2: 0.409 | AB2: 748 | AC2: 0.084027778 | AD2: 10 | AE2: 4888 | AF2: 9 | AG2: 0 | AH2: 0 | AI2: 16
A3: 260509 | B3: 3 | C3: 天辉 | D3: 负 | E3: 42 | F3: D | G3: =VLOOKUP(F3,选手工资!$A:$D,4,FALSE) -> 8.5 | H3: 沙王 | I3: 2 | J3: 27 | K3: 8 | L3: 12 | M3: 21 | N3: 0.69 | O3: 0.253 | P3: 22010 | Q3: 385 | R3: 2 | S3: 529 | T3: 786 | U3: 4 | V3: 0 | W3: 0 | X3: 38582 | Y3: 12 | Z3: 81431 | AA3: 0.48 | AB3: 4616 | AC3: 0.52777778 | AD3: 9 | AE3: 3351 | AF3: 8 | AG3: 150 | AH3: 4 | AI3: 1
A4: 260509 | B4: 3 | C4: 天辉 | D4: 负 | E4: 42 | F4: valar | G4: =VLOOKUP(F4,选手工资!$A:$D,4,FALSE) -> 7 | H4: 幻影刺客 | I4: 1 | J4: 27 | K4: 13 | L4: 10 | M4: 18 | N4: 0.738 | O4: 0.282 | P4: 30039 | Q4: 578 | R4: 13 | S4: 652 | T4: 850 | U4: 1 | V4: 0 | W4: 0 | X4: 42895 | Y4: 0 | Z4: 77072 | AA4: 0.431 | AB4: 4113 | AC4: 0.35 | AD4: 5 | AE4: 4037 | AF4: 7 | AG4: 240 | AH4: 4 | AI4: 2
A5: 260509 | B5: 3 | C5: 夜魇 | D5: 胜 | E5: 51 | F5: 老板 | G5: =VLOOKUP(F5,选手工资!$A:$D,4,FALSE) -> 4.5 | H5: 琼英碧灵 | I5: 1 | J5: 29 | K5: 13 | L5: 7 | M5: 18 | N5: 0.608 | O5: 0.206 | P5: 39533 | Q5: 546 | R5: 13 | S5: 721 | T5: 1015 | U5: 3 | V5: 0 | W5: 0 | X5: 37435 | Y5: 17539 | Z5: 49531 | AA5: 0.482 | AB5: 2692 | AC5: 0.34375 | AD5: 7 | AE5: 3629 | AF5: 6 | AG5: 0 | AH5: 2 | AI5: 0
A6: 260509 | B6: 3 | C6: 夜魇 | D6: 胜 | E6: 51 | F6: 老虎 | G6: =VLOOKUP(F6,选手工资!$A:$D,4,FALSE) -> 5.5 | H6: 斧王 | I6: 3 | J6: 27 | K6: 8 | L6: 13 | M6: 22 | N6: 0.588 | O6: 0.185 | P6: 24823 | Q6: 270 | R6: 4 | S6: 495 | T6: 836 | U6: 3 | V6: 0 | W6: 1 | X6: 33697 | Y6: 155 | Z6: 101700 | AA6: 0.622 | AB6: 2900 | AC6: 0.46388889 | AD6: 8 | AE6: 3480 | AF6: 6 | AG6: 0 | AH6: 1 | AI6: 2
A7: 260509 | B7: 3 | C7: 天辉 | D7: 负 | E7: 42 | F7: ldxy | G7: =VLOOKUP(F7,选手工资!$A:$D,4,FALSE) -> 6.5 | H7: 伐木机 | I7: 3 | J7: 27 | K7: 14 | L7: 11 | M7: 19 | N7: 0.786 | O7: 0.296 | P7: 22606 | Q7: 348 | R7: 8 | S7: 527 | T7: 873 | U7: 2 | V7: 0 | W7: 0 | X7: 45099 | Y7: 1330 | Z7: 123999 | AA7: 0.581 | AB7: 3835 | AC7: 0.39930556 | AD7: 2 | AE7: 3242 | AF7: 6 | AG7: 100 | AH7: 1 | AI7: 1
A8: 260509 | B8: 3 | C8: 夜魇 | D8: 胜 | E8: 51 | F8: cac | G8: =VLOOKUP(F8,选手工资!$A:$D,4,FALSE) -> 7.5 | H8: 祸乱之源 | I8: 5 | J8: 28 | K8: 8 | L8: 9 | M8: 27 | N8: 0.686 | O8: 0.097 | P8: 17141 | Q8: 64 | R8: 5 | S8: 391 | T8: 885 | U8: 7 | V8: 0 | W8: 0 | X8: 17728 | Y8: 1832 | Z8: 52042 | AA8: 0.435 | AB8: 1591 | AC8: 0.25347222 | AD8: 1 | AE8: 2820 | AF8: 6 | AG8: 1450 | AH8: 3 | AI8: 7
A9: 260509 | B9: 3 | C9: 夜魇 | D9: 胜 | E9: 51 | F9: 呆叔 | G9: =VLOOKUP(F9,选手工资!$A:$D,4,FALSE) -> 4 | H9: 食人魔魔法师 | I9: 4 | J9: 26 | K9: 4 | L9: 11 | M9: 30 | N9: 0.667 | O9: 0.116 | P9: 22115 | Q9: 165 | R9: 0 | S9: 499 | T9: 710 | U9: 2 | V9: 6192 | W9: 0 | X9: 21068 | Y9: 101 | Z9: 59369 | AA9: 0.401 | AB9: 2569 | AC9: 0.34166667 | AD9: 4 | AE9: 2425 | AF9: 6 | AG9: 1500 | AH9: 1 | AI9: 6
A10: 260509 | B10: 3 | C10: 天辉 | D10: 负 | E10: 42 | F10: 阵容 | G10: =VLOOKUP(F10,选手工资!$A:$D,4,FALSE) -> 6 | H10: 沉默术士 | I10: 4 | J10: 25 | K10: 5 | L10: 6 | M10: 27 | N10: 0.762 | O10: 0.096 | P10: 18132 | Q10: 186 | R10: 6 | S10: 393 | T10: 643 | U10: 0 | V10: 1221 | W10: 0 | X10: 14568 | Y10: 85 | Z10: 40454 | AA10: 0.539 | AB10: 1276 | AC10: 0.15902778 | AD10: 6 | AE10: 2544 | AF10: 5 | AG10: 2080 | AH10: 2 | AI10: 6
A11: 260509 | B11: 3 | C11: 天辉 | D11: 负 | E11: 42 | F11: 小队 | G11: =VLOOKUP(F11,选手工资!$A:$D,4,FALSE) -> 1.5 | H11: 邪影芳灵 | I11: 5 | J11: 24 | K11: 2 | L11: 13 | M11: 22 | N11: 0.571 | O11: 0.073 | P11: 13420 | Q11: 43 | R11: 1 | S11: 284 | T11: 559 | U11: 2 | V11: 0 | W11: 0 | X11: 11085 | Y11: 0 | Z11: 44485 | AA11: 0.442 | AB11: 1315 | AC11: 0.32986111 | AD11: 3 | AE11: 1629 | AF11: 3 | AG11: 1210 | AH11: 7 | AI11: 11
A14: 比赛ID | B14: 8804194377
A15: 比赛时长 | B15: 56:21

Sheet 260510-1
A1: 日期 | B1: 场次 | C1: 阵营 | D1: 结果 | E1: 队伍击杀 | F1: 选手 | G1: 选手工资 | H1: 英雄 | I1: 位置 | J1: 等级 | K1: K | L1: D | M1: A | N1: 参战率 | O1: 输出占比 | P1: 财产 | Q1: 正补 | R1: 反补 | S1: GPM | T1: XPM | U1: 赏金神符 | V1: 治疗 | W1: 前哨 | X1: 英雄伤害 | Y1: 建筑伤害 | Z1: 承伤减免前 | AA1: 伤害减免比例 | AB1: 死亡损失金钱 | AC1: 死亡时间 | AD1: 挑选顺位 | AE1: 10分钟财产 | AF1: 10分钟等级 | AG1: 辅助道具金钱 | AH1: 堆野数 | AI1: 反眼数
A2: 260510 | B2: 1 | C2: 天辉 | D2: 胜 | E2: 44 | F2: D | G2: =VLOOKUP(F2,选手工资!$A:$E,5,FALSE) -> 7.5 | H2: 兽 | I2: 2 | J2: 21 | K2: 10 | L2: 0 | M2: 17 | N2: 0.614 | O2: 0.276 | P2: 17308 | Q2: 221 | R2: 6 | S2: 592 | T2: 807 | U2: 4 | V2: 37 | W2: 0 | X2: 26578 | Y2: 856 | Z2: 44276 | AA2: 0.582 | AB2: 0 | AC2: 0 | AD2: 9 | AE2: 4283 | AF2: 9 | AG2: 100 | AH2: 0 | AI2: 1
A3: 260510 | B3: 1 | C3: 天辉 | D3: 胜 | E3: 44 | F3: jin | G3: =VLOOKUP(F3,选手工资!$A:$E,5,FALSE) -> 5 | H3: 力丸 | I3: 1 | J3: 22 | K3: 13 | L3: 3 | M3: 13 | N3: 0.591 | O3: 0.228 | P3: 17144 | Q3: 185 | R3: 14 | S3: 585 | T3: 943 | U3: 0 | V3: 0 | W3: 0 | X3: 21922 | Y3: 1288 | Z3: 19192 | AA3: 0.391 | AB3: 502 | AC3: 0.092361111 | AD3: 5 | AE3: 4393 | AF3: 7 | AG3: 0 | AH3: 0 | AI3: 0
A4: 260510 | B4: 1 | C4: 天辉 | D4: 胜 | E4: 44 | F4: 教练 | G4: =VLOOKUP(F4,选手工资!$A:$E,5,FALSE) -> 5 | H4: 帕格纳 | I4: 4 | J4: 18 | K4: 8 | L4: 7 | M4: 22 | N4: 0.682 | O4: 0.23 | P4: 12005 | Q4: 81 | R4: 3 | S4: 419 | T4: 609 | U4: 1 | V4: 5810 | W4: 1 | X4: 22187 | Y4: 3669 | Z4: 27796 | AA4: 0.399 | AB4: 517 | AC4: 0.13263889 | AD4: 6 | AE4: 2416 | AF4: 6 | AG4: 400 | AH4: 1 | AI4: 6
A5: 260510 | B5: 1 | C5: 天辉 | D5: 胜 | E5: 44 | F5: 老虎 | G5: =VLOOKUP(F5,选手工资!$A:$E,5,FALSE) -> 6.5 | H5: 斧王 | I5: 3 | J5: 17 | K5: 11 | L5: 4 | M5: 15 | N5: 0.591 | O5: 0.141 | P5: 14709 | Q5: 179 | R5: 1 | S5: 500 | T5: 565 | U5: 3 | V5: 0 | W5: 0 | X5: 13627 | Y5: 1242 | Z5: 36186 | AA5: 0.404 | AB5: 597 | AC5: 0.088888889 | AD5: 1 | AE5: 3689 | AF5: 5 | AG5: 0 | AH5: 0 | AI5: 0
A6: 260510 | B6: 1 | C6: 天辉 | D6: 胜 | E6: 44 | F6: 小队 | G6: =VLOOKUP(F6,选手工资!$A:$E,5,FALSE) -> 2.5 | H6: 森海飞霞 | I6: 5 | J6: 15 | K6: 2 | L6: 2 | M6: 25 | N6: 0.614 | O6: 0.125 | P6: 8548 | Q6: 47 | R6: 0 | S6: 294 | T6: 435 | U6: 3 | V6: 1164 | W6: 1 | X6: 12013 | Y6: 337 | Z6: 11634 | AA6: 0.329 | AB6: 134 | AC6: 0.034722222 | AD6: 2 | AE6: 2021 | AF6: 5 | AG6: 200 | AH6: 2 | AI6: 1
A7: 260510 | B7: 1 | C7: 夜魇 | D7: 负 | E7: 16 | F7: odst | G7: =VLOOKUP(F7,选手工资!$A:$E,5,FALSE) -> 3.5 | H7: 宙斯 | I7: 4 | J7: 11 | K7: 4 | L7: 9 | M7: 7 | N7: 0.688 | O7: 0.23 | P7: 5805 | Q7: 14 | R7: 4 | S7: 230 | T7: 271 | U7: 0 | V7: 0 | W7: 0 | X7: 17819 | Y7: 0 | Z7: 20481 | AA7: 0.274 | AB7: 623 | AC7: 0.18541667 | AD7: 3 | AE7: 1470 | AF7: 8 | AG7: 350 | AH7: 2 | AI7: 3
A8: 260510 | B8: 1 | C8: 夜魇 | D8: 负 | E8: 16 | F8: 小孩 | G8: =VLOOKUP(F8,选手工资!$A:$E,5,FALSE) -> 8 | H8: 瘟疫法师 | I8: 1 | J8: 16 | K8: 6 | L8: 7 | M8: 6 | N8: 0.75 | O8: 0.281 | P8: 11540 | Q8: 174 | R8: 20 | S8: 418 | T8: 470 | U8: 1 | V8: 2465 | W8: 0 | X8: 21751 | Y8: 0 | Z8: 33833 | AA8: 0.332 | AB8: 1117 | AC8: 0.18680556 | AD8: 7 | AE8: 4398 | AF8: 7 | AG8: 0 | AH8: 0 | AI8: 1
A9: 260510 | B9: 1 | C9: 夜魇 | D9: 负 | E9: 16 | F9: 关羽 | G9: =VLOOKUP(F9,选手工资!$A:$E,5,FALSE) -> 8.5 | H9: 虚无之灵 | I9: 2 | J9: 16 | K9: 2 | L9: 7 | M9: 8 | N9: 0.625 | O9: 0.189 | P9: 11120 | Q9: 156 | R9: 3 | S9: 401 | T9: 483 | U9: 1 | V9: 0 | W9: 0 | X9: 14625 | Y9: 0 | Z9: 41667 | AA9: 0.482 | AB9: 1215 | AC9: 0.19027778 | AD9: 10 | AE9: 4356 | AF9: 7 | AG9: 50 | AH9: 0 | AI9: 1
A10: 260510 | B10: 1 | C10: 夜魇 | D10: 负 | E10: 16 | F10: 机器人 | G10: =VLOOKUP(F10,选手工资!$A:$E,5,FALSE) -> 5.5 | H10: 潮汐猎人 | I10: 3 | J10: 15 | K10: 3 | L10: 9 | M10: 6 | N10: 0.563 | O10: 0.18 | P10: 10390 | Q10: 162 | R10: 5 | S10: 370 | T10: 420 | U10: 1 | V10: 0 | W10: 0 | X10: 13909 | Y10: 0 | Z10: 47526 | AA10: 0.476 | AB10: 865 | AC10: 0.20833333 | AD10: 8 | AE10: 3864 | AF10: 6 | AG10: 0 | AH10: 1 | AI10: 0
A11: 260510 | B11: 1 | C11: 夜魇 | D11: 负 | E11: 16 | F11: xinq | G11: =VLOOKUP(F11,选手工资!$A:$E,5,FALSE) -> 1.5 | H11: 沉默术士 | I11: 5 | J11: 9 | K11: 1 | L11: 12 | M11: 7 | N11: 0.5 | O11: 0.119 | P11: 4287 | Q11: 20 | R11: 0 | S11: 187 | T11: 193 | U11: 1 | V11: 0 | W11: 0 | X11: 9213 | Y11: 0 | Z11: 16146 | AA11: 0.294 | AB11: 297 | AC11: 0.21597222 | AD11: 4 | AE11: 1379 | AF11: 4 | AG11: 800 | AH11: 3 | AI11: 2
A14: 比赛ID | B14: 8805520036
A15: 比赛时长 | B15: 30:10

Sheet 260510-2
A1: 日期 | B1: 场次 | C1: 阵营 | D1: 结果 | E1: 队伍击杀 | F1: 选手 | G1: 选手工资 | H1: 英雄 | I1: 位置 | J1: 等级 | K1: K | L1: D | M1: A | N1: 参战率 | O1: 输出占比 | P1: 财产 | Q1: 正补 | R1: 反补 | S1: GPM | T1: XPM | U1: 赏金神符 | V1: 治疗 | W1: 前哨 | X1: 英雄伤害 | Y1: 建筑伤害 | Z1: 承伤减免前 | AA1: 伤害减免比例 | AB1: 死亡损失金钱 | AC1: 死亡时间 | AD1: 挑选顺位 | AE1: 10分钟财产 | AF1: 10分钟等级 | AG1: 辅助道具金钱 | AH1: 堆野数 | AI1: 反眼数
A2: 260510 | B2: 2 | C2: 天辉 | D2: 胜 | E2: 50 | F2: D | G2: =VLOOKUP(F2,选手工资!$A:$E,5,FALSE) -> 7.5 | H2: 米拉娜 | I2: 2 | J2: 24 | K2: 10 | L2: 3 | M2: 21 | N2: 0.62 | O2: 0.266 | P2: 20000 | Q2: 255 | R2: 4 | S2: 599 | T2: 950 | U2: 4 | V2: 106 | W2: 0 | X2: 35219 | Y2: 5119 | Z2: 27058 | AA2: 0.377 | AB2: 384 | AC2: 0.072916667 | AD2: 6 | AE2: 3779 | AF2: 8 | AG2: 100 | AH2: 1 | AI2: 2
A3: 260510 | B3: 2 | C3: 天辉 | D3: 胜 | E3: 50 | F3: 机器人 | G3: =VLOOKUP(F3,选手工资!$A:$E,5,FALSE) -> 5.5 | H3: 虚空假面 | I3: 1 | J3: 25 | K3: 14 | L3: 2 | M3: 18 | N3: 0.64 | O3: 0.25 | P3: 23786 | Q3: 318 | R3: 4 | S3: 697 | T3: 1116 | U3: 0 | V3: 0 | W3: 0 | X3: 33135 | Y3: 7705 | Z3: 49957 | AA3: 0.417 | AB3: 194 | AC3: 0.0375 | AD3: 2 | AE3: 3938 | AF3: 7 | AG3: 0 | AH3: 0 | AI3: 0
A4: 260510 | B4: 2 | C4: 天辉 | D4: 胜 | E4: 50 | F4: 小孩 | G4: =VLOOKUP(F4,选手工资!$A:$E,5,FALSE) -> 8 | H4: 破晓辰星 | I4: 3 | J4: 23 | K4: 9 | L4: 4 | M4: 20 | N4: 0.58 | O4: 0.214 | P4: 20020 | Q4: 342 | R4: 9 | S4: 607 | T4: 885 | U4: 2 | V4: 8933 | W4: 0 | X4: 28291 | Y4: 5148 | Z4: 49025 | AA4: 0.477 | AB4: 743 | AC4: 0.11041667 | AD4: 5 | AE4: 4073 | AF4: 6 | AG4: 0 | AH4: 0 | AI4: 0
A5: 260510 | B5: 2 | C5: 天辉 | D5: 胜 | E5: 50 | F5: 坤坤 | G5: =VLOOKUP(F5,选手工资!$A:$E,5,FALSE) -> 2 | H5: 巫医 | I5: 5 | J5: 17 | K5: 10 | L5: 10 | M5: 18 | N5: 0.56 | O5: 0.164 | P5: 10373 | Q5: 38 | R5: 6 | S5: 338 | T5: 461 | U5: 3 | V5: 5252 | W5: 0 | X5: 21692 | Y5: 830 | Z5: 28779 | AA5: 0.299 | AB5: 1244 | AC5: 0.25277778 | AD5: 9 | AE5: 3124 | AF5: 6 | AG5: 300 | AH5: 1 | AI5: 7
A6: 260510 | B6: 2 | C6: 天辉 | D6: 胜 | E6: 50 | F6: xinq | G6: =VLOOKUP(F6,选手工资!$A:$E,5,FALSE) -> 1.5 | H6: 剧毒术士 | I6: 4 | J6: 16 | K6: 7 | L6: 11 | M6: 23 | N6: 0.6 | O6: 0.107 | P6: 10335 | Q6: 91 | R6: 3 | S6: 392 | T6: 442 | U6: 3 | V6: 2012 | W6: 0 | X6: 14156 | Y6: 1040 | Z6: 24346 | AA6: 0.354 | AB6: 1284 | AC6: 0.21458333 | AD6: 1 | AE6: 1945 | AF6: 6 | AG6: 550 | AH6: 0 | AI6: 7
A7: 260510 | B7: 2 | C7: 夜魇 | D7: 负 | E7: 30 | F7: 关羽 | G7: =VLOOKUP(F7,选手工资!$A:$E,5,FALSE) -> 8.5 | H7: 灰烬之灵 | I7: 2 | J7: 17 | K7: 6 | L7: 9 | M7: 4 | N7: 0.333 | O7: 0.202 | P7: 12129 | Q7: 195 | R7: 10 | S7: 434 | T7: 463 | U7: 4 | V7: 0 | W7: 0 | X7: 21707 | Y7: 8 | Z7: 58466 | AA7: 0.557 | AB7: 1607 | AC7: 0.29305556 | AD7: 10 | AE7: 4905 | AF7: 9 | AG7: 0 | AH7: 0 | AI7: 0
A8: 260510 | B8: 2 | C8: 夜魇 | D8: 负 | E8: 30 | F8: 小队 | G8: =VLOOKUP(F8,选手工资!$A:$E,5,FALSE) -> 2.5 | H8: 钢背兽 | I8: 3 | J8: 17 | K8: 5 | L8: 11 | M8: 9 | N8: 0.467 | O8: 0.219 | P8: 9788 | Q8: 136 | R8: 6 | S8: 353 | T8: 477 | U8: 0 | V8: 0 | W8: 0 | X8: 23500 | Y8: 394 | Z8: 99006 | AA8: 0.662 | AB8: 1609 | AC8: 0.30069444 | AD8: 8 | AE8: 3650 | AF8: 7 | AG8: 160 | AH8: 1 | AI8: 0
A9: 260510 | B9: 2 | C9: 夜魇 | D9: 负 | E9: 30 | F9: odst | G9: =VLOOKUP(F9,选手工资!$A:$E,5,FALSE) -> 3.5 | H9: 巫妖 | I9: 5 | J9: 13 | K9: 4 | L9: 12 | M9: 11 | N9: 0.5 | O9: 0.162 | P9: 4634 | Q9: 26 | R9: 8 | S9: 241 | T9: 304 | U9: 1 | V9: 125 | W9: 0 | X9: 17385 | Y9: 0 | Z9: 26102 | AA9: 0.374 | AB9: 929 | AC9: 0.33611111 | AD9: 3 | AE9: 2387 | AF9: 7 | AG9: 1060 | AH9: 4 | AI9: 4
A10: 260510 | B10: 2 | C10: 夜魇 | D10: 负 | E10: 30 | F10: 阵容 | G10: =VLOOKUP(F10,选手工资!$A:$E,5,FALSE) -> 5.5 | H10: 冥魂大帝 | I10: 1 | J10: 22 | K10: 15 | L10: 6 | M10: 7 | N10: 0.733 | O10: 0.336 | P10: 18449 | Q10: 238 | R10: 10 | S10: 597 | T10: 764 | U10: 0 | V10: 0 | W10: 0 | X10: 36109 | Y10: 1052 | Z10: 69733 | AA10: 0.533 | AB10: 1646 | AC10: 0.18888889 | AD10: 7 | AE10: 3689 | AF10: 6 | AG10: 0 | AH10: 0 | AI10: 1
A11: 260510 | B11: 2 | C11: 夜魇 | D11: 负 | E11: 30 | F11: 猪猪 | G11: =VLOOKUP(F11,选手工资!$A:$E,5,FALSE) -> 5 | H11: 发条技师 | I11: 4 | J11: 12 | K11: 0 | L11: 13 | M11: 11 | N11: 0.367 | O11: 0.082 | P11: 5572 | Q11: 17 | R11: 1 | S11: 198 | T11: 252 | U11: 0 | V11: 480 | W11: 0 | X11: 8843 | Y11: 0 | Z11: 46053 | AA11: 0.476 | AB11: 666 | AC11: 0.30416667 | AD11: 4 | AE11: 1601 | AF11: 5 | AG11: 810 | AH11: 2 | AI11: 2
A14: 比赛ID | B14: 8805597116
A15: 比赛时长 | B15: 34:09

Sheet 260510-3
A1: 日期 | B1: 场次 | C1: 阵营 | D1: 结果 | E1: 队伍击杀 | F1: 选手 | G1: 选手工资 | H1: 英雄 | I1: 位置 | J1: 等级 | K1: K | L1: D | M1: A | N1: 参战率 | O1: 输出占比 | P1: 财产 | Q1: 正补 | R1: 反补 | S1: GPM | T1: XPM | U1: 赏金神符 | V1: 治疗 | W1: 前哨 | X1: 英雄伤害 | Y1: 建筑伤害 | Z1: 承伤减免前 | AA1: 伤害减免比例 | AB1: 死亡损失金钱 | AC1: 死亡时间 | AD1: 挑选顺位 | AE1: 10分钟财产 | AF1: 10分钟等级 | AG1: 辅助道具金钱 | AH1: 堆野数 | AI1: 反眼数
A2: 260510 | B2: 3 | C2: 天辉 | D2: 负 | E2: 16 | F2: 阵容 | G2: =VLOOKUP(F2,选手工资!$A:$E,5,FALSE) -> 5.5 | H2: 炼金术士 | I2: 5 | J2: 18 | K2: 0 | L2: 2 | M2: 4 | N2: 0.25 | O2: 0.061 | P2: 3894 | Q2: 261 | R2: 2 | S2: 482 | T2: 537 | U2: 4 | V2: 0 | W2: 0 | X2: 3890 | Y2: 0 | Z2: 10688 | AA2: 0.411 | AB2: 106 | AC2: 0.072916667 | AD2: 2 | AE2: 3212 | AF2: 9 | AG2: 430 | AH2: 2 | AI2: 3
A3: 260510 | B3: 3 | C3: 天辉 | D3: 负 | E3: 16 | F3: ldxy | G3: =VLOOKUP(F3,选手工资!$A:$E,5,FALSE) -> 5.5 | H3: 玛尔斯 | I3: 3 | J3: 19 | K3: 1 | L3: 8 | M3: 6 | N3: 0.438 | O3: 0.279 | P3: 17247 | Q3: 220 | R3: 23 | S3: 446 | T3: 579 | U3: 0 | V3: 0 | W3: 0 | X3: 17730 | Y3: 0 | Z3: 46615 | AA3: 0.578 | AB3: 1876 | AC3: 0.18888889 | AD3: 6 | AE3: 3221 | AF3: 7 | AG3: 950 | AH3: 0 | AI3: 6
A4: 260510 | B4: 3 | C4: 天辉 | D4: 负 | E4: 16 | F4: 小孩 | G4: =VLOOKUP(F4,选手工资!$A:$E,5,FALSE) -> 8 | H4: 哈斯卡 | I4: 2 | J4: 18 | K4: 10 | L4: 7 | M4: 3 | N4: 0.813 | O4: 0.312 | P4: 18670 | Q4: 197 | R4: 28 | S4: 482 | T4: 508 | U4: 2 | V4: 0 | W4: 0 | X4: 19809 | Y4: 1802 | Z4: 44404 | AA4: 0.541 | AB4: 2663 | AC4: 0.21944444 | AD4: 9 | AE4: 5012 | AF4: 7 | AG4: 50 | AH4: 0 | AI4: 0
A5: 260510 | B5: 3 | C5: 天辉 | D5: 负 | E5: 16 | F5: xinq | G5: =VLOOKUP(F5,选手工资!$A:$E,5,FALSE) -> 1.5 | H5: 幻影长矛手 | I5: 1 | J5: 19 | K5: 2 | L5: 5 | M5: 4 | N5: 0.375 | O5: 0.16 | P5: 19641 | Q5: 292 | R5: 8 | S5: 467 | T5: 555 | U5: 0 | V5: 0 | W5: 0 | X5: 10154 | Y5: 1418 | Z5: 25800 | AA5: 0.456 | AB5: 844 | AC5: 0.13819444 | AD5: 1 | AE5: 3643 | AF5: 6 | AG5: 0 | AH5: 1 | AI5: 0
A6: 260510 | B6: 3 | C6: 天辉 | D6: 负 | E6: 16 | F6: 坤坤 | G6: =VLOOKUP(F6,选手工资!$A:$E,5,FALSE) -> 2 | H6: 矮人直升机 | I6: 4 | J6: 15 | K6: 3 | L6: 9 | M6: 3 | N6: 0.375 | O6: 0.188 | P6: 8052 | Q6: 72 | R6: 4 | S6: 242 | T6: 351 | U6: 2 | V6: 2828 | W6: 0 | X6: 11978 | Y6: 42 | Z6: 25713 | AA6: 0.467 | AB6: 716 | AC6: 0.21458333 | AD6: 5 | AE6: 2191 | AF6: 5 | AG6: 250 | AH6: 6 | AI6: 6
A7: 260510 | B7: 3 | C7: 夜魇 | D7: 胜 | E7: 31 | F7: 教练 | G7: =VLOOKUP(F7,选手工资!$A:$E,5,FALSE) -> 5 | H7: 莉娜 | I7: 2 | J7: 20 | K7: 5 | L7: 4 | M7: 10 | N7: 0.484 | O7: 0.227 | P7: 17401 | Q7: 222 | R7: 1 | S7: 502 | T7: 638 | U7: 3 | V7: 0 | W7: 0 | X7: 16827 | Y7: 5214 | Z7: 20622 | AA7: 0.43 | AB7: 630 | AC7: 0.099305556 | AD7: 10 | AE7: 3218 | AF7: 7 | AG7: 0 | AH7: 5 | AI7: 0
A8: 260510 | B8: 3 | C8: 夜魇 | D8: 胜 | E8: 31 | F8: 机器人 | G8: =VLOOKUP(F8,选手工资!$A:$E,5,FALSE) -> 5.5 | H8: 敌法师 | I8: 1 | J8: 24 | K8: 16 | L8: 2 | M8: 5 | N8: 0.677 | O8: 0.403 | P8: 28152 | Q8: 364 | R8: 14 | S8: 811 | T8: 924 | U8: 1 | V8: 0 | W8: 0 | X8: 29872 | Y8: 15719 | Z8: 29130 | AA8: 0.569 | AB8: 654 | AC8: 0.078472222 | AD8: 7 | AE8: 5210 | AF8: 8 | AG8: 0 | AH8: 1 | AI8: 0
A9: 260510 | B9: 3 | C9: 夜魇 | D9: 胜 | E9: 31 | F9: 记者 | G9: =VLOOKUP(F9,选手工资!$A:$E,5,FALSE) -> 3 | H9: 孽主 | I9: 3 | J9: 20 | K9: 6 | L9: 3 | M9: 15 | N9: 0.677 | O9: 0.169 | P9: 18446 | Q9: 196 | R9: 7 | S9: 528 | T9: 639 | U9: 4 | V9: 0 | W9: 0 | X9: 12500 | Y9: 4207 | Z9: 26974 | AA9: 0.37 | AB9: 409 | AC9: 0.065972222 | AD9: 8 | AE9: 4368 | AF9: 6 | AG9: 0 | AH9: 0 | AI9: 0
A10: 260510 | B10: 3 | C10: 夜魇 | D10: 胜 | E10: 31 | F10: 呆叔 | G10: =VLOOKUP(F10,选手工资!$A:$E,5,FALSE) -> 4.5 | H10: 不朽尸王 | I10: 5 | J10: 19 | K10: 1 | L10: 2 | M10: 23 | N10: 0.774 | O10: 0.104 | P10: 11120 | Q10: 97 | R10: 0 | S10: 351 | T10: 552 | U10: 1 | V10: 14920 | W10: 0 | X10: 7690 | Y10: 412 | Z10: 19687 | AA10: 0.446 | AB10: 275 | AC10: 0.0027777778 | AD10: 3 | AE10: 2593 | AF10: 6 | AG10: 1150 | AH10: 1 | AI10: 2
A11: 260510 | B11: 3 | C11: 夜魇 | D11: 胜 | E11: 31 | F11: 猪猪 | G11: =VLOOKUP(F11,选手工资!$A:$E,5,FALSE) -> 5 | H11: 光之守卫 | I11: 4 | J11: 17 | K11: 3 | L11: 5 | M11: 16 | N11: 0.613 | O11: 0.097 | P11: 14603 | Q11: 71 | R11: 1 | S11: 386 | T11: 474 | U11: 2 | V11: 12500 | W11: 0 | X11: 7167 | Y11: 360 | Z11: 15308 | AA11: 0.258 | AB11: 365 | AC11: 0.10625 | AD11: 4 | AE11: 2013 | AF11: 5 | AG11: 500 | AH11: 5 | AI11: 1
A14: 比赛ID | B14: 8805669010
A15: 比赛时长 | B15: 35:26

Sheet 260511-1
A1: 日期 | B1: 场次 | C1: 阵营 | D1: 结果 | E1: 队伍击杀 | F1: 选手 | G1: 选手工资 | H1: 英雄 | I1: 位置 | J1: 等级 | K1: K | L1: D | M1: A | N1: 参战率 | O1: 输出占比 | P1: 财产 | Q1: 正补 | R1: 反补 | S1: GPM | T1: XPM | U1: 赏金神符 | V1: 治疗 | W1: 前哨 | X1: 英雄伤害 | Y1: 建筑伤害 | Z1: 承伤减免前 | AA1: 伤害减免比例 | AB1: 死亡损失金钱 | AC1: 死亡时间 | AD1: 挑选顺位 | AE1: 10分钟财产 | AF1: 10分钟等级 | AG1: 辅助道具金钱 | AH1: 堆野数 | AI1: 反眼数
A2: 260511 | B2: 1 | C2: 天辉 | D2: 胜 | E2: 42 | F2: 机器猫 | G2: =VLOOKUP(F2,选手工资!$A:$F,6,FALSE) -> 4.5 | H2: 巨牙海民 | I2: 3 | J2: 21 | K2: 13 | L2: 3 | M2: 12 | N2: 0.595 | O2: 0.207 | P2: 17243 | Q2: 174 | R2: 5 | S2: 541 | T2: 737 | U2: 0 | V2: 0 | W2: 1 | X2: 23995 | Y2: 4444 | Z2: 30505 | AA2: 0.376 | AB2: 370 | AC2: 0.089583333 | AD2: 6 | AE2: 3353 | AF2: 8 | AG2: 100 | AH2: 0 | AI2: 1
A3: 260511 | B3: 1 | C3: 天辉 | D3: 胜 | E3: 42 | F3: 博洋 | G3: =VLOOKUP(F3,选手工资!$A:$F,6,FALSE) -> 7.5 | H3: 冥魂大帝 | I3: 1 | J3: 22 | K3: 11 | L3: 1 | M3: 16 | N3: 0.643 | O3: 0.21 | P3: 22452 | Q3: 312 | R3: 13 | S3: 695 | T3: 787 | U3: 2 | V3: 0 | W3: 0 | X3: 24299 | Y3: 9346 | Z3: 26457 | AA3: 0.354 | AB3: 531 | AC3: 0.059027778 | AD3: 5 | AE3: 5136 | AF3: 7 | AG3: 0 | AH3: 0 | AI3: 2
A4: 260511 | B4: 1 | C4: 天辉 | D4: 胜 | E4: 42 | F4: odst | G4: =VLOOKUP(F4,选手工资!$A:$F,6,FALSE) -> 2.5 | H4: 水晶室女 | I4: 5 | J4: 20 | K4: 4 | L4: 2 | M4: 22 | N4: 0.619 | O4: 0.126 | P4: 10747 | Q4: 35 | R4: 1 | S4: 369 | T4: 644 | U4: 3 | V4: 0 | W4: 0 | X4: 14606 | Y4: 537 | Z4: 13057 | AA4: 0.43 | AB4: 138 | AC4: 0.045138889 | AD4: 1 | AE4: 1651 | AF4: 7 | AG4: 1050 | AH4: 0 | AI4: 8
A5: 260511 | B5: 1 | C5: 天辉 | D5: 胜 | E5: 42 | F5: D | G5: =VLOOKUP(F5,选手工资!$A:$F,6,FALSE) -> 8.5 | H5: 帕吉 | I5: 2 | J5: 21 | K5: 7 | L5: 7 | M5: 17 | N5: 0.571 | O5: 0.255 | P5: 15700 | Q5: 189 | R5: 5 | S5: 518 | T5: 719 | U5: 5 | V5: 0 | W5: 0 | X5: 29505 | Y5: 2555 | Z5: 62157 | AA5: 0.52 | AB5: 858 | AC5: 0.14513889 | AD5: 9 | AE5: 3598 | AF5: 6 | AG5: 50 | AH5: 0 | AI5: 0
A6: 260511 | B6: 1 | C6: 天辉 | D6: 胜 | E6: 42 | F6: 记者 | G6: =VLOOKUP(F6,选手工资!$A:$F,6,FALSE) -> 3.5 | H6: 工程师 | I6: 4 | J6: 17 | K6: 7 | L6: 8 | M6: 13 | N6: 0.476 | O6: 0.201 | P6: 12980 | Q6: 86 | R6: 1 | S6: 359 | T6: 485 | U6: 0 | V6: 0 | W6: 0 | X6: 23294 | Y6: 1022 | Z6: 19025 | AA6: 0.363 | AB6: 659 | AC6: 0.1625 | AD6: 2 | AE6: 1715 | AF6: 5 | AG6: 350 | AH6: 2 | AI6: 6
A7: 260511 | B7: 1 | C7: 夜魇 | D7: 负 | E7: 21 | F7: 马忠 | G7: =VLOOKUP(F7,选手工资!$A:$F,6,FALSE) -> 8 | H7: 昆卡 | I7: 2 | J7: 20 | K7: 8 | L7: 8 | M7: 7 | N7: 0.714 | O7: 0.336 | P7: 15691 | Q7: 263 | R7: 9 | S7: 512 | T7: 635 | U7: 3 | V7: 0 | W7: 0 | X7: 28761 | Y7: 112 | Z7: 61102 | AA7: 0.452 | AB7: 1706 | AC7: 0.26527778 | AD7: 10 | AE7: 4573 | AF7: 9 | AG7: 50 | AH7: 2 | AI7: 3
A8: 260511 | B8: 1 | C8: 夜魇 | D8: 负 | E8: 21 | F8: valar | G8: =VLOOKUP(F8,选手工资!$A:$F,6,FALSE) -> 6.5 | H8: 主宰 | I8: 1 | J8: 20 | K8: 4 | L8: 8 | M8: 6 | N8: 0.476 | O8: 0.191 | P8: 16272 | Q8: 319 | R8: 14 | S8: 489 | T8: 629 | U8: 1 | V8: 3442 | W8: 0 | X8: 16309 | Y8: 0 | Z8: 44078 | AA8: 0.503 | AB8: 799 | AC8: 0.22152778 | AD8: 8 | AE8: 3839 | AF8: 6 | AG8: 0 | AH8: 3 | AI8: 0
A9: 260511 | B9: 1 | C9: 夜魇 | D9: 负 | E9: 21 | F9: 老虎 | G9: =VLOOKUP(F9,选手工资!$A:$F,6,FALSE) -> 7 | H9: 玛尔斯 | I9: 3 | J9: 17 | K9: 2 | L9: 10 | M9: 10 | N9: 0.571 | O9: 0.197 | P9: 11518 | Q9: 152 | R9: 3 | S9: 365 | T9: 496 | U9: 2 | V9: 0 | W9: 0 | X9: 16838 | Y9: 0 | Z9: 45246 | AA9: 0.414 | AB9: 1416 | AC9: 0.2375 | AD9: 7 | AE9: 2890 | AF9: 6 | AG9: 0 | AH9: 1 | AI9: 0
A10: 260511 | B10: 1 | C10: 夜魇 | D10: 负 | E10: 21 | F10: 小队 | G10: =VLOOKUP(F10,选手工资!$A:$F,6,FALSE) -> 2.5 | H10: 邪影芳灵 | I10: 5 | J10: 12 | K10: 3 | L10: 9 | M10: 10 | N10: 0.619 | O10: 0.153 | P10: 7136 | Q10: 36 | R10: 4 | S10: 271 | T10: 260 | U10: 2 | V10: 0 | W10: 0 | X10: 13112 | Y10: 0 | Z10: 23918 | AA10: 0.294 | AB10: 557 | AC10: 0.2 | AD10: 4 | AE10: 2238 | AF10: 6 | AG10: 700 | AH10: 1 | AI10: 11
A11: 260511 | B11: 1 | C11: 夜魇 | D11: 负 | E11: 21 | F11: 之后 | G11: =VLOOKUP(F11,选手工资!$A:$F,6,FALSE) -> 3 | H11: 森海飞霞 | I11: 4 | J11: 15 | K11: 3 | L11: 7 | M11: 4 | N11: 0.333 | O11: 0.123 | P11: 8499 | Q11: 61 | R11: 3 | S11: 259 | T11: 397 | U11: 1 | V11: 0 | W11: 0 | X11: 10486 | Y11: 0 | Z11: 25314 | AA11: 0.33 | AB11: 156 | AC11: 0.14444444 | AD11: 3 | AE11: 1856 | AF11: 5 | AG11: 550 | AH11: 1 | AI11: 7
A14: 比赛ID | B14: 8806870234
A15: 比赛时长 | B15: 34:23

Sheet 260511-2
A1: 日期 | B1: 场次 | C1: 阵营 | D1: 结果 | E1: 队伍击杀 | F1: 选手 | G1: 选手工资 | H1: 英雄 | I1: 位置 | J1: 等级 | K1: K | L1: D | M1: A | N1: 参战率 | O1: 输出占比 | P1: 财产 | Q1: 正补 | R1: 反补 | S1: GPM | T1: XPM | U1: 赏金神符 | V1: 治疗 | W1: 前哨 | X1: 英雄伤害 | Y1: 建筑伤害 | Z1: 承伤减免前 | AA1: 伤害减免比例 | AB1: 死亡损失金钱 | AC1: 死亡时间 | AD1: 挑选顺位 | AE1: 10分钟财产 | AF1: 10分钟等级 | AG1: 辅助道具金钱 | AH1: 堆野数 | AI1: 反眼数
A2: 260511 | B2: 2 | C2: 天辉 | D2: 胜 | E2: 30 | F2: 马忠 | G2: =VLOOKUP(F2,选手工资!$A:$F,6,FALSE) -> 8 | H2: 灰烬之灵 | I2: 2 | J2: 17 | K2: 7 | L2: 3 | M2: 18 | N2: 0.833 | O2: 0.34 | P2: 14114 | Q2: 155 | R2: 9 | S2: 536 | T2: 643 | U2: 4 | V2: 0 | W2: 0 | X2: 28168 | Y2: 1148 | Z2: 21870 | AA2: 0.537 | AB2: 414 | AC2: 0.06875 | AD2: 9 | AE2: 4605 | AF2: 9 | AG2: 0 | AH2: 2 | AI2: 1
A3: 260511 | B3: 2 | C3: 天辉 | D3: 胜 | E3: 30 | F3: D | G3: =VLOOKUP(F3,选手工资!$A:$F,6,FALSE) -> 8.5 | H3: 狼人 | I3: 3 | J3: 18 | K3: 10 | L3: 1 | M3: 15 | N3: 0.833 | O3: 0.227 | P3: 18824 | Q3: 231 | R3: 3 | S3: 691 | T3: 700 | U3: 1 | V3: 0 | W3: 0 | X3: 18798 | Y3: 8567 | Z3: 18767 | AA3: 0.373 | AB3: 118 | AC3: 0.021527778 | AD3: 6 | AE3: 3794 | AF3: 7 | AG3: 80 | AH3: 0 | AI3: 1
A4: 260511 | B4: 2 | C4: 天辉 | D4: 胜 | E4: 30 | F4: xinq | G4: =VLOOKUP(F4,选手工资!$A:$F,6,FALSE) -> 1.5 | H4: 露娜 | I4: 1 | J4: 18 | K4: 6 | L4: 2 | M4: 8 | N4: 0.467 | O4: 0.172 | P4: 16002 | Q4: 243 | R4: 2 | S4: 606 | T4: 696 | U4: 0 | V4: 0 | W4: 0 | X4: 14249 | Y4: 6843 | Z4: 13757 | AA4: 0.437 | AB4: 101 | AC4: 0.03125 | AD4: 5 | AE4: 3686 | AF4: 7 | AG4: 0 | AH4: 2 | AI4: 0
A5: 260511 | B5: 2 | C5: 天辉 | D5: 胜 | E5: 30 | F5: 小队 | G5: =VLOOKUP(F5,选手工资!$A:$F,6,FALSE) -> 2.5 | H5: 电炎绝手 | I5: 4 | J5: 13 | K5: 4 | L5: 1 | M5: 21 | N5: 0.833 | O5: 0.126 | P5: 9098 | Q5: 44 | R5: 0 | S5: 359 | T5: 382 | U5: 2 | V5: 0 | W5: 0 | X5: 10399 | Y5: 708 | Z5: 8970 | AA5: 0.218 | AB5: 2 | AC5: 0.017361111 | AD5: 2 | AE5: 2090 | AF5: 5 | AG5: 580 | AH5: 1 | AI5: 5
A6: 260511 | B6: 2 | C6: 天辉 | D6: 胜 | E6: 30 | F6: 教练 | G6: =VLOOKUP(F6,选手工资!$A:$F,6,FALSE) -> 5.5 | H6: 森海飞霞 | I6: 4 | J6: 13 | K6: 2 | L6: 6 | M6: 16 | N6: 0.6 | O6: 0.135 | P6: 9375 | Q6: 53 | R6: 1 | S6: 315 | T6: 374 | U6: 2 | V6: 0 | W6: 0 | X6: 11191 | Y6: 343 | Z6: 13150 | AA6: 0.296 | AB6: 369 | AC6: 0.11597222 | AD6: 1 | AE6: 1895 | AF6: 5 | AG6: 550 | AH6: 0 | AI6: 4
A7: 260511 | B7: 2 | C7: 夜魇 | D7: 负 | E7: 13 | F7: ldxy | G7: =VLOOKUP(F7,选手工资!$A:$F,6,FALSE) -> 4.5 | H7: 昆卡 | I7: 2 | J7: 17 | K7: 5 | L7: 4 | M7: 3 | N7: 0.615 | O7: 0.271 | P7: 13608 | Q7: 234 | R7: 11 | S7: 519 | T7: 625 | U7: 1 | V7: 0 | W7: 0 | X7: 12451 | Y7: 0 | Z7: 31591 | AA7: 0.444 | AB7: 517 | AC7: 0.093055556 | AD7: 4 | AE7: 4681 | AF7: 9 | AG7: 50 | AH7: 0 | AI7: 0
A8: 260511 | B8: 2 | C8: 夜魇 | D8: 负 | E8: 13 | F8: 博洋 | G8: =VLOOKUP(F8,选手工资!$A:$F,6,FALSE) -> 7.5 | H8: 钢背兽 | I8: 1 | J8: 15 | K8: 0 | L8: 5 | M8: 6 | N8: 0.462 | O8: 0.261 | P8: 12021 | Q8: 198 | R8: 5 | S8: 476 | T8: 507 | U8: 0 | V8: 0 | W8: 0 | X8: 11965 | Y8: 369 | Z8: 46315 | AA8: 0.586 | AB8: 1093 | AC8: 0.13402778 | AD8: 10 | AE8: 4157 | AF8: 7 | AG8: 80 | AH8: 1 | AI8: 1
A9: 260511 | B9: 2 | C9: 夜魇 | D9: 负 | E9: 13 | F9: 机器人 | G9: =VLOOKUP(F9,选手工资!$A:$F,6,FALSE) -> 6.5 | H9: 混沌骑士 | I9: 3 | J9: 15 | K9: 4 | L9: 8 | M9: 3 | N9: 0.538 | O9: 0.206 | P9: 10324 | Q9: 155 | R9: 7 | S9: 413 | T9: 513 | U9: 2 | V9: 0 | W9: 0 | X9: 9459 | Y9: 135 | Z9: 30359 | AA9: 0.334 | AB9: 1088 | AC9: 0.17638889 | AD9: 8 | AE9: 3670 | AF9: 6 | AG9: 50 | AH9: 0 | AI9: 1
A10: 260511 | B10: 2 | C10: 夜魇 | D10: 负 | E10: 13 | F10: 呆叔 | G10: =VLOOKUP(F10,选手工资!$A:$F,6,FALSE) -> 5 | H10: 术士 | I10: 5 | J10: 11 | K10: 2 | L10: 7 | M10: 6 | N10: 0.615 | O10: 0.174 | P10: 5708 | Q10: 52 | R10: 5 | S10: 273 | T10: 270 | U10: 0 | V10: 3476 | W10: 0 | X10: 7971 | Y10: 702 | Z10: 13916 | AA10: 0.261 | AB10: 357 | AC10: 0.15277778 | AD10: 3 | AE10: 2548 | AF10: 6 | AG10: 1050 | AH10: 4 | AI10: 3
A11: 260511 | B11: 2 | C11: 夜魇 | D11: 负 | E11: 13 | F11: 之后 | G11: =VLOOKUP(F11,选手工资!$A:$F,6,FALSE) -> 3 | H11: 裂魂人 | I11: 4 | J11: 10 | K11: 2 | L11: 6 | M11: 5 | N11: 0.538 | O11: 0.088 | P11: 5626 | Q11: 21 | R11: 1 | S11: 217 | T11: 223 | U11: 4 | V11: 0 | W11: 0 | X11: 4048 | Y11: 254 | Z11: 21184 | AA11: 0.265 | AB11: 383 | AC11: 0.11458333 | AD11: 7 | AE11: 1716 | AF11: 4 | AG11: 150 | AH11: 1 | AI11: 1
A14: 比赛ID | B14: 8806870234
A15: 比赛时长 | B15: 34:23

Sheet 260511-3
A1: 日期 | B1: 场次 | C1: 阵营 | D1: 结果 | E1: 队伍击杀 | F1: 选手 | G1: 选手工资 | H1: 英雄 | I1: 位置 | J1: 等级 | K1: K | L1: D | M1: A | N1: 参战率 | O1: 输出占比 | P1: 财产 | Q1: 正补 | R1: 反补 | S1: GPM | T1: XPM | U1: 赏金神符 | V1: 治疗 | W1: 前哨 | X1: 英雄伤害 | Y1: 建筑伤害 | Z1: 承伤减免前 | AA1: 伤害减免比例 | AB1: 死亡损失金钱 | AC1: 死亡时间 | AD1: 挑选顺位 | AE1: 10分钟财产 | AF1: 10分钟等级 | AG1: 辅助道具金钱 | AH1: 堆野数 | AI1: 反眼数
A2: 260511 | B2: 3 | C2: 天辉 | D2: 负 | E2: 31 | F2: ldxy | G2: =VLOOKUP(F2,选手工资!$A:$F,6,FALSE) -> 4.5 | H2: 昆卡 | I2: 2 | J2: 23 | K2: 5 | L2: 12 | M2: 18 | N2: 0.742 | O2: 0.192 | P2: 19058 | Q2: 323 | R2: 4 | S2: 522 | T2: 618 | U2: 5 | V2: 0 | W2: 0 | X2: 27822 | Y2: 157 | Z2: 92514 | AA2: 0.499 | AB2: 3224 | AC2: 0.46319444 | AD2: 1 | AE2: 3949 | AF2: 8 | AG2: 50 | AH2: 0 | AI2: 1
A3: 260511 | B3: 3 | C3: 天辉 | D3: 负 | E3: 31 | F3: 机器人 | G3: =VLOOKUP(F3,选手工资!$A:$F,6,FALSE) -> 6.5 | H3: 克林克兹 | I3: 1 | J3: 25 | K3: 11 | L3: 9 | M3: 4 | N3: 0.484 | O3: 0.305 | P3: 22363 | Q3: 363 | R3: 17 | S3: 553 | T3: 782 | U3: 0 | V3: 0 | W3: 0 | X3: 44220 | Y3: 1661 | Z3: 37017 | AA3: 0.358 | AB3: 3063 | AC3: 0.35833333 | AD3: 9 | AE3: 4186 | AF3: 7 | AG3: 0 | AH3: 1 | AI3: 0
A4: 260511 | B4: 3 | C4: 天辉 | D4: 负 | E4: 31 | F4: D | G4: =VLOOKUP(F4,选手工资!$A:$F,6,FALSE) -> 8.5 | H4: 魅惑魔女 | I4: 3 | J4: 24 | K4: 8 | L4: 9 | M4: 12 | N4: 0.645 | O4: 0.249 | P4: 16923 | Q4: 242 | R4: 10 | S4: 437 | T4: 662 | U4: 1 | V4: 1323 | W4: 1 | X4: 36024 | Y4: 1720 | Z4: 54085 | AA4: 0.388 | AB4: 2618 | AC4: 0.32986111 | AD4: 5 | AE4: 3887 | AF4: 7 | AG4: 0 | AH4: 1 | AI4: 1
A5: 260511 | B5: 3 | C5: 天辉 | D5: 负 | E5: 31 | F5: 阵容 | G5: =VLOOKUP(F5,选手工资!$A:$F,6,FALSE) -> 4.5 | H5: 司夜刺客 | I5: 4 | J5: 21 | K5: 6 | L5: 9 | M5: 11 | N5: 0.548 | O5: 0.151 | P5: 12016 | Q5: 63 | R5: 2 | S5: 289 | T5: 508 | U5: 3 | V5: 0 | W5: 0 | X5: 21795 | Y5: 69 | Z5: 45437 | AA5: 0.481 | AB5: 1118 | AC5: 0.26111111 | AD5: 6 | AE5: 2246 | AF5: 5 | AG5: 750 | AH5: 0 | AI5: 8
A6: 260511 | B6: 3 | C6: 天辉 | D6: 负 | E6: 31 | F6: valar | G6: =VLOOKUP(F6,选手工资!$A:$F,6,FALSE) -> 6.5 | H6: 裂魂人 | I6: 5 | J6: 18 | K6: 1 | L6: 13 | M6: 16 | N6: 0.548 | O6: 0.103 | P6: 9476 | Q6: 58 | R6: 0 | S6: 230 | T6: 393 | U6: 1 | V6: 0 | W6: 0 | X6: 14919 | Y6: 0 | Z6: 43422 | AA6: 0.318 | AB6: 1079 | AC6: 0.35138889 | AD6: 2 | AE6: 1878 | AF6: 4 | AG6: 730 | AH6: 2 | AI6: 3
A7: 260511 | B7: 3 | C7: 夜魇 | D7: 胜 | E7: 52 | F7: 马忠 | G7: =VLOOKUP(F7,选手工资!$A:$F,6,FALSE) -> 8 | H7: 灰烬之灵 | I7: 2 | J7: 27 | K7: 16 | L7: 9 | M7: 29 | N7: 0.865 | O7: 0.357 | P7: 27931 | Q7: 272 | R7: 10 | S7: 626 | T7: 995 | U7: 5 | V7: 360 | W7: 0 | X7: 55835 | Y7: 5374 | Z7: 68236 | AA7: 0.594 | AB7: 1853 | AC7: 0.2875 | AD7: 8 | AE7: 4384 | AF7: 8 | AG7: 0 | AH7: 1 | AI7: 3
A8: 260511 | B8: 3 | C8: 夜魇 | D8: 胜 | E8: 52 | F8: 小孩 | G8: =VLOOKUP(F8,选手工资!$A:$F,6,FALSE) -> 7.5 | H8: 虚空假面 | I8: 1 | J8: 28 | K8: 9 | L8: 3 | M8: 19 | N8: 0.538 | O8: 0.198 | P8: 35622 | Q8: 503 | R8: 24 | S8: 741 | T8: 1053 | U8: 6 | V8: 0 | W8: 0 | X8: 30953 | Y8: 13514 | Z8: 64480 | AA8: 0.507 | AB8: 1145 | AC8: 0.14513889 | AD8: 10 | AE8: 4080 | AF8: 6 | AG8: 150 | AH8: 0 | AI8: 5
A9: 260511 | B9: 3 | C9: 夜魇 | D9: 胜 | E9: 52 | F9: 博洋 | G9: =VLOOKUP(F9,选手工资!$A:$F,6,FALSE) -> 7.5 | H9: 斯拉达 | I9: 3 | J9: 27 | K9: 12 | L9: 8 | M9: 28 | N9: 0.769 | O9: 0.179 | P9: 26980 | Q9: 313 | R9: 6 | S9: 614 | T9: 1024 | U9: 2 | V9: 0 | W9: 1 | X9: 27917 | Y9: 6694 | Z9: 96069 | AA9: 0.507 | AB9: 2151 | AC9: 0.27777778 | AD9: 7 | AE9: 3755 | AF9: 6 | AG9: 80 | AH9: 0 | AI9: 0
A10: 260511 | B10: 3 | C10: 夜魇 | D10: 胜 | E10: 52 | F10: 教练 | G10: =VLOOKUP(F10,选手工资!$A:$F,6,FALSE) -> 5.5 | H10: 莱恩 | I10: 4 | J10: 25 | K10: 8 | L10: 7 | M10: 30 | N10: 0.731 | O10: 0.098 | P10: 17461 | Q10: 64 | R10: 2 | S10: 398 | T10: 723 | U10: 1 | V10: 125 | W10: 1 | X10: 15344 | Y10: 1587 | Z10: 34389 | AA10: 0.443 | AB10: 1025 | AC10: 0.12708333 | AD10: 3 | AE10: 2386 | AF10: 5 | AG10: 1630 | AH10: 3 | AI10: 10
A11: 260511 | B11: 3 | C11: 夜魇 | D11: 胜 | E11: 52 | F11: xinq | G11: =VLOOKUP(F11,选手工资!$A:$F,6,FALSE) -> 1.5 | H11: 电炎绝手 | I11: 5 | J11: 24 | K11: 6 | L11: 4 | M11: 36 | N11: 0.808 | O11: 0.168 | P11: 16608 | Q11: 95 | R11: 2 | S11: 389 | T11: 709 | U11: 1 | V11: 1800 | W11: 0 | X11: 26344 | Y11: 1531 | Z11: 27458 | AA11: 0.321 | AB11: 318 | AC11: 0.10069444 | AD11: 4 | AE11: 1561 | AF11: 5 | AG11: 890 | AH11: 2 | AI11: 5
A14: 比赛ID | B14: 8806998168
A15: 比赛时长 | B15: 47:59

Sheet 260511-4
A1: 日期 | B1: 场次 | C1: 阵营 | D1: 结果 | E1: 队伍击杀 | F1: 选手 | G1: 选手工资 | H1: 英雄 | I1: 位置 | J1: 等级 | K1: K | L1: D | M1: A | N1: 参战率 | O1: 输出占比 | P1: 财产 | Q1: 正补 | R1: 反补 | S1: GPM | T1: XPM | U1: 赏金神符 | V1: 治疗 | W1: 前哨 | X1: 英雄伤害 | Y1: 建筑伤害 | Z1: 承伤减免前 | AA1: 伤害减免比例 | AB1: 死亡损失金钱 | AC1: 死亡时间 | AD1: 挑选顺位 | AE1: 10分钟财产 | AF1: 10分钟等级 | AG1: 辅助道具金钱 | AH1: 堆野数 | AI1: 反眼数
A2: 260511 | B2: 4 | C2: 天辉 | D2: 负 | E2: 32 | F2: ldxy | G2: =VLOOKUP(F2,选手工资!$A:$F,6,FALSE) -> 4.5 | H2: 灰烬之灵 | I2: 2 | J2: 23 | K2: 14 | L2: 6 | M2: 4 | N2: 0.563 | O2: 0.425 | P2: 15558 | Q2: 272 | R2: 5 | S2: 536 | T2: 738 | U2: 3 | V2: 0 | W2: 1 | X2: 44075 | Y2: 0 | Z2: 64970 | AA2: 0.584 | AB2: 1102 | AC2: 0.19097222 | AD2: 9 | AE2: 3886 | AF2: 8 | AG2: 150 | AH2: 0 | AI2: 2
A3: 260511 | B3: 4 | C3: 天辉 | D3: 负 | E3: 32 | F3: 小孩 | G3: =VLOOKUP(F3,选手工资!$A:$F,6,FALSE) -> 7.5 | H3: 暗夜魔王 | I3: 3 | J3: 19 | K3: 5 | L3: 8 | M3: 12 | N3: 0.531 | O3: 0.14 | P3: 14493 | Q3: 212 | R3: 15 | S3: 412 | T3: 538 | U3: 3 | V3: 0 | W3: 0 | X3: 14579 | Y3: 67 | Z3: 53788 | AA3: 0.465 | AB3: 1507 | AC3: 0.23958333 | AD3: 5 | AE3: 4329 | AF3: 7 | AG3: 0 | AH3: 0 | AI3: 0
A4: 260511 | B4: 4 | C4: 天辉 | D4: 负 | E4: 32 | F4: 博洋 | G4: =VLOOKUP(F4,选手工资!$A:$F,6,FALSE) -> 7.5 | H4: 炼金术士 | I4: 1 | J4: 23 | K4: 6 | L4: 6 | M4: 12 | N4: 0.563 | O4: 0.194 | P4: 21956 | Q4: 385 | R4: 8 | S4: 720 | T4: 729 | U4: 3 | V4: 0 | W4: 0 | X4: 20161 | Y4: 737 | Z4: 60070 | AA4: 0.452 | AB4: 1796 | AC4: 0.20833333 | AD4: 6 | AE4: 5114 | AF4: 6 | AG4: 0 | AH4: 2 | AI4: 1
A5: 260511 | B5: 4 | C5: 天辉 | D5: 负 | E5: 32 | F5: 机器人 | G5: =VLOOKUP(F5,选手工资!$A:$F,6,FALSE) -> 6.5 | H5: 帕吉 | I5: 4 | J5: 16 | K5: 4 | L5: 13 | M5: 17 | N5: 0.656 | O5: 0.125 | P5: 10586 | Q5: 84 | R5: 1 | S5: 273 | T5: 370 | U5: 3 | V5: 0 | W5: 0 | X5: 12985 | Y5: 0 | Z5: 43880 | AA5: 0.364 | AB5: 1113 | AC5: 0.31875 | AD5: 2 | AE5: 2173 | AF5: 5 | AG5: 550 | AH5: 0 | AI5: 3
A6: 260511 | B6: 4 | C6: 天辉 | D6: 负 | E6: 32 | F6: 小队 | G6: =VLOOKUP(F6,选手工资!$A:$F,6,FALSE) -> 2.5 | H6: 干扰者 | I6: 5 | J6: 15 | K6: 3 | L6: 9 | M6: 15 | N6: 0.563 | O6: 0.116 | P6: 12172 | Q6: 29 | R6: 3 | S6: 253 | T6: 317 | U6: 1 | V6: 0 | W6: 0 | X6: 12007 | Y6: 0 | Z6: 19900 | AA6: 0.283 | AB6: 751 | AC6: 0.21666667 | AD6: 3 | AE6: 1992 | AF6: 5 | AG6: 750 | AH6: 3 | AI6: 8
A7: 260511 | B7: 4 | C7: 夜魇 | D7: 胜 | E7: 41 | F7: D | G7: =VLOOKUP(F7,选手工资!$A:$F,6,FALSE) -> 8.5 | H7: 凯 | I7: 2 | J7: 26 | K7: 16 | L7: 3 | M7: 12 | N7: 0.683 | O7: 0.377 | P7: 30174 | Q7: 362 | R7: 11 | S7: 782 | T7: 1067 | U7: 2 | V7: 0 | W7: 0 | X7: 49364 | Y7: 9631 | Z7: 50113 | AA7: 0.502 | AB7: 513 | AC7: 0.088194444 | AD7: 10 | AE7: 4242 | AF7: 8 | AG7: 50 | AH7: 2 | AI7: 3
A8: 260511 | B8: 4 | C8: 夜魇 | D8: 胜 | E8: 41 | F8: 记者 | G8: =VLOOKUP(F8,选手工资!$A:$F,6,FALSE) -> 3.5 | H8: 破晓辰星 | I8: 3 | J8: 24 | K8: 7 | L8: 6 | M8: 20 | N8: 0.659 | O8: 0.209 | P8: 21882 | Q8: 289 | R8: 8 | S8: 577 | T8: 866 | U8: 4 | V8: 4111 | W8: 0 | X8: 27387 | Y8: 5267 | Z8: 46296 | AA8: 0.44 | AB8: 893 | AC8: 0.17291667 | AD8: 8 | AE8: 4060 | AF8: 7 | AG8: 0 | AH8: 1 | AI8: 0
A9: 260511 | B9: 4 | C9: 夜魇 | D9: 胜 | E9: 41 | F9: 阵容 | G9: =VLOOKUP(F9,选手工资!$A:$F,6,FALSE) -> 4.5 | H9: 寒冬飞龙 | I9: 5 | J9: 21 | K9: 2 | L9: 5 | M9: 22 | N9: 0.585 | O9: 0.077 | P9: 12855 | Q9: 91 | R9: 5 | S9: 360 | T9: 596 | U9: 1 | V9: 4678 | W9: 0 | X9: 10135 | Y9: 1198 | Z9: 19033 | AA9: 0.46 | AB9: 437 | AC9: 0.12708333 | AD9: 1 | AE9: 2359 | AF9: 6 | AG9: 860 | AH9: 1 | AI9: 5
A10: 260511 | B10: 4 | C10: 夜魇 | D10: 胜 | E10: 41 | F10: 马忠 | G10: =VLOOKUP(F10,选手工资!$A:$F,6,FALSE) -> 8 | H10: 兽王 | I10: 1 | J10: 24 | K10: 13 | L10: 6 | M10: 14 | N10: 0.659 | O10: 0.268 | P10: 27165 | Q10: 371 | R10: 17 | S10: 725 | T10: 861 | U10: 1 | V10: 0 | W10: 0 | X10: 35103 | Y10: 12341 | Z10: 36684 | AA10: 0.377 | AB10: 1085 | AC10: 0.17708333 | AD10: 7 | AE10: 3633 | AF10: 6 | AG10: 0 | AH10: 1 | AI10: 1
A11: 260511 | B11: 4 | C11: 夜魇 | D11: 胜 | E11: 41 | F11: xinq | G11: =VLOOKUP(F11,选手工资!$A:$F,6,FALSE) -> 1.5 | H11: 拉比克 | I11: 4 | J11: 20 | K11: 2 | L11: 12 | M11: 22 | N11: 0.585 | O11: 0.068 | P11: 12401 | Q11: 39 | R11: 2 | S11: 351 | T11: 553 | U11: 0 | V11: 2593 | W11: 1 | X11: 8956 | Y11: 1055 | Z11: 30003 | AA11: 0.339 | AB11: 440 | AC11: 0.22222222 | AD11: 4 | AE11: 1886 | AF11: 5 | AG11: 550 | AH11: 0 | AI11: 10
A14: 比赛ID | B14: 8807090426
A15: 比赛时长 | B15: 39:34

Sheet 260512-1
A1: 日期 | B1: 场次 | C1: 阵营 | D1: 结果 | E1: 队伍击杀 | F1: 选手 | G1: 选手工资 | H1: 英雄 | I1: 位置 | J1: 等级 | K1: K | L1: D | M1: A | N1: 参战率 | O1: 输出占比 | P1: 财产 | Q1: 正补 | R1: 反补 | S1: GPM | T1: XPM | U1: 赏金神符 | V1: 治疗 | W1: 前哨 | X1: 英雄伤害 | Y1: 建筑伤害 | Z1: 承伤减免前 | AA1: 伤害减免比例 | AB1: 死亡损失金钱 | AC1: 死亡时间 | AD1: 挑选顺位 | AE1: 10分钟财产 | AF1: 10分钟等级 | AG1: 辅助道具金钱 | AH1: 堆野数 | AI1: 反眼数
A2: 260512 | B2: 1 | C2: 天辉 | D2: 负 | E2: 33 | F2: D | G2: =VLOOKUP(F2,选手工资!$A:$G,7,FALSE) -> 9 | H2: 兽王 | I2: 3 | J2: 27 | K2: 13 | L2: 9 | M2: 13 | N2: 0.788 | O2: 0.282 | P2: 25478 | Q2: 370 | R2: 7 | S2: 618 | T2: 996 | U2: 3 | V2: 0 | W2: 0 | X2: 42139 | Y2: 4728 | Z2: 75219 | AA2: 0.436 | AB2: 4136 | AC2: 0.35902778 | AD2: 9 | AE2: 5521 | AF2: 9 | AG2: 80 | AH2: 0 | AI2: 1
A3: 260512 | B3: 1 | C3: 天辉 | D3: 负 | E3: 33 | F3: 老板 | G3: =VLOOKUP(F3,选手工资!$A:$G,7,FALSE) -> 4.5 | H3: 琼英碧灵 | I3: 2 | J3: 21 | K3: 7 | L3: 13 | M3: 11 | N3: 0.545 | O3: 0.24 | P3: 21022 | Q3: 210 | R3: 16 | S3: 446 | T3: 550 | U3: 3 | V3: 0 | W3: 0 | X3: 35898 | Y3: 892 | Z3: 56824 | AA3: 0.473 | AB3: 3434 | AC3: 0.45902778 | AD3: 5 | AE3: 3695 | AF3: 7 | AG3: 0 | AH3: 4 | AI3: 1
A4: 260512 | B4: 1 | C4: 天辉 | D4: 负 | E4: 33 | F4: 坤坤 | G4: =VLOOKUP(F4,选手工资!$A:$G,7,FALSE) -> 2.5 | H4: 炼金术士 | I4: 1 | J4: 25 | K4: 1 | L4: 7 | M4: 9 | N4: 0.303 | O4: 0.048 | P4: 19127 | Q4: 475 | R4: 2 | S4: 729 | T4: 765 | U4: 3 | V4: 0 | W4: 1 | X4: 7189 | Y4: 0 | Z4: 32331 | AA4: 0.389 | AB4: 1651 | AC4: 0.25416667 | AD4: 6 | AE4: 4035 | AF4: 6 | AG4: 0 | AH4: 6 | AI4: 0
A5: 260512 | B5: 1 | C5: 天辉 | D5: 负 | E5: 33 | F5: cac | G5: =VLOOKUP(F5,选手工资!$A:$G,7,FALSE) -> 6.5 | H5: 莉娜 | I5: 4 | J5: 26 | K5: 8 | L5: 7 | M5: 12 | N5: 0.606 | O5: 0.33 | P5: 23072 | Q5: 263 | R5: 1 | S5: 539 | T5: 900 | U5: 2 | V5: 0 | W5: 0 | X5: 49277 | Y5: 5009 | Z5: 37406 | AA5: 0.408 | AB5: 2944 | AC5: 0.22847222 | AD5: 1 | AE5: 2702 | AF5: 6 | AG5: 600 | AH5: 2 | AI5: 1
A6: 260512 | B6: 1 | C6: 天辉 | D6: 负 | E6: 33 | F6: 小队 | G6: =VLOOKUP(F6,选手工资!$A:$G,7,FALSE) -> 2 | H6: 电炎绝手 | I6: 5 | J6: 20 | K6: 3 | L6: 10 | M6: 13 | N6: 0.485 | O6: 0.099 | P6: 10622 | Q6: 59 | R6: 0 | S6: 314 | T6: 517 | U6: 1 | V6: 1200 | W6: 1 | X6: 14855 | Y6: 214 | Z6: 41120 | AA6: 0.376 | AB6: 1277 | AC6: 0.27847222 | AD6: 2 | AE6: 2012 | AF6: 5 | AG6: 1030 | AH6: 3 | AI6: 9
A7: 260512 | B7: 1 | C7: 夜魇 | D7: 胜 | E7: 46 | F7: 白给 | G7: 7 | H7: 瘟疫法师 | I7: 2 | J7: 27 | K7: 16 | L7: 4 | M7: 21 | N7: 0.804 | O7: 0.305 | P7: 34029 | Q7: 405 | R7: 7 | S7: 788 | T7: 1030 | U7: 1 | V7: 12623 | W7: 0 | X7: 42902 | Y7: 1798 | Z7: 83858 | AA7: 0.494 | AB7: 1787 | AC7: 0.19722222 | AD7: 4 | AE7: 5313 | AF7: 9 | AG7: 100 | AH7: 2 | AI7: 4
A8: 260512 | B8: 1 | C8: 夜魇 | D8: 胜 | E8: 46 | F8: ldxy | G8: =VLOOKUP(F8,选手工资!$A:$G,7,FALSE) -> 3.5 | H8: 主宰 | I8: 1 | J8: 28 | K8: 12 | L8: 6 | M8: 15 | N8: 0.587 | O8: 0.262 | P8: 31967 | Q8: 487 | R8: 3 | S8: 756 | T8: 1216 | U8: 4 | V8: 9321 | W8: 0 | X8: 36960 | Y8: 15665 | Z8: 59547 | AA8: 0.504 | AB8: 1374 | AC8: 0.2 | AD8: 10 | AE8: 3487 | AF8: 7 | AG8: 100 | AH8: 2 | AI8: 2
A9: 260512 | B9: 1 | C9: 夜魇 | D9: 胜 | E9: 46 | F9: 记者 | G9: =VLOOKUP(F9,选手工资!$A:$G,7,FALSE) -> 4.5 | H9: 斯拉达 | I9: 3 | J9: 26 | K9: 7 | L9: 10 | M9: 23 | N9: 0.652 | O9: 0.16 | P9: 22771 | Q9: 287 | R9: 12 | S9: 577 | T9: 932 | U9: 4 | V9: 0 | W9: 1 | X9: 22555 | Y9: 1922 | Z9: 78222 | AA9: 0.448 | AB9: 2094 | AC9: 0.24166667 | AD9: 7 | AE9: 3731 | AF9: 6 | AG9: 0 | AH9: 1 | AI9: 1
A10: 260512 | B10: 1 | C10: 夜魇 | D10: 胜 | E10: 46 | F10: valar | G10: =VLOOKUP(F10,选手工资!$A:$G,7,FALSE) -> 5.5 | H10: 天涯墨客 | I10: 4 | J10: 23 | K10: 4 | L10: 4 | M10: 31 | N10: 0.761 | O10: 0.148 | P10: 15565 | Q10: 53 | R10: 1 | S10: 368 | T10: 665 | U10: 3 | V10: 1714 | W10: 1 | X10: 20779 | Y10: 825 | Z10: 23238 | AA10: 0.354 | AB10: 616 | AC10: 0.11875 | AD10: 3 | AE10: 2298 | AF10: 6 | AG10: 900 | AH10: 4 | AI10: 7
A11: 260512 | B11: 1 | C11: 夜魇 | D11: 胜 | E11: 46 | F11: 猪猪 | G11: =VLOOKUP(F11,选手工资!$A:$G,7,FALSE) -> 5 | H11: 干扰者 | I11: 5 | J11: 23 | K11: 7 | L11: 9 | M11: 24 | N11: 0.674 | O11: 0.125 | P11: 14004 | Q11: 47 | R11: 1 | S11: 368 | T11: 678 | U11: 0 | V11: 0 | W11: 0 | X11: 17655 | Y11: 593 | Z11: 32029 | AA11: 0.401 | AB11: 970 | AC11: 0.19097222 | AD11: 8 | AE11: 2031 | AF11: 5 | AG11: 930 | AH11: 3 | AI11: 2
A14: 比赛ID | B14: 8808071411
A15: 比赛时长 | B15: 45:28

Sheet 260512-2
A1: 日期 | B1: 场次 | C1: 阵营 | D1: 结果 | E1: 队伍击杀 | F1: 选手 | G1: 选手工资 | H1: 英雄 | I1: 位置 | J1: 等级 | K1: K | L1: D | M1: A | N1: 参战率 | O1: 输出占比 | P1: 财产 | Q1: 正补 | R1: 反补 | S1: GPM | T1: XPM | U1: 赏金神符 | V1: 治疗 | W1: 前哨 | X1: 英雄伤害 | Y1: 建筑伤害 | Z1: 承伤减免前 | AA1: 伤害减免比例 | AB1: 死亡损失金钱 | AC1: 死亡时间 | AD1: 挑选顺位 | AE1: 10分钟财产 | AF1: 10分钟等级 | AG1: 辅助道具金钱 | AH1: 堆野数 | AI1: 反眼数
A2: 260512 | B2: 2 | C2: 天辉 | D2: 负 | E2: 18 | F2: ldxy | G2: =VLOOKUP(F2,选手工资!$A:$G,7,FALSE) -> 3.5 | H2: 莉娜 | I2: 2 | J2: 20 | K2: 4 | L2: 5 | M2: 8 | N2: 0.667 | O2: 0.361 | P2: 19401 | Q2: 280 | R2: 4 | S2: 507 | T2: 679 | U2: 4 | V2: 0 | W2: 0 | X2: 23916 | Y2: 734 | Z2: 30294 | AA2: 0.437 | AB2: 1260 | AC2: 0.1875 | AD2: 9 | AE2: 4051 | AF2: 8 | AG2: 50 | AH2: 0 | AI2: 0
A3: 260512 | B3: 2 | C3: 夜魇 | D3: 胜 | E3: 36 | F3: D | G3: =VLOOKUP(F3,选手工资!$A:$G,7,FALSE) -> 9 | H3: 凯 | I3: 2 | J3: 23 | K3: 15 | L3: 2 | M3: 10 | N3: 0.694 | O3: 0.378 | P3: 21040 | Q3: 235 | R3: 10 | S3: 688 | T3: 911 | U3: 0 | V3: 0 | W3: 0 | X3: 30963 | Y3: 9324 | Z3: 22300 | AA3: 0.465 | AB3: 433 | AC3: 0.061805556 | AD3: 3 | AE3: 3595 | AF3: 8 | AG3: 50 | AH3: 0 | AI3: 5
A4: 260512 | B4: 2 | C4: 天辉 | D4: 负 | E4: 18 | F4: xian | G4: =VLOOKUP(F4,选手工资!$A:$G,7,FALSE) -> 10.5 | H4: 炼金术士 | I4: 1 | J4: 18 | K4: 3 | L4: 8 | M4: 7 | N4: 0.556 | O4: 0.162 | P4: 14835 | Q4: 312 | R4: 7 | S4: 642 | T4: 593 | U4: 3 | V4: 0 | W4: 0 | X4: 10735 | Y4: 45 | Z4: 26517 | AA4: 0.305 | AB4: 1558 | AC4: 0.20208333 | AD4: 2 | AE4: 4661 | AF4: 7 | AG4: 50 | AH4: 8 | AI4: 1
A5: 260512 | B5: 2 | C5: 天辉 | D5: 负 | E5: 18 | F5: 记者 | G5: =VLOOKUP(F5,选手工资!$A:$G,7,FALSE) -> 4.5 | H5: 狼人 | I5: 3 | J5: 15 | K5: 2 | L5: 5 | M5: 8 | N5: 0.556 | O5: 0.17 | P5: 12404 | Q5: 216 | R5: 5 | S5: 408 | T5: 400 | U5: 0 | V5: 0 | W5: 0 | X5: 11278 | Y5: 1182 | Z5: 32277 | AA5: 0.365 | AB5: 928 | AC5: 0.14513889 | AD5: 6 | AE5: 3805 | AF5: 7 | AG5: 0 | AH5: 0 | AI5: 0
A6: 260512 | B6: 2 | C6: 夜魇 | D6: 胜 | E6: 36 | F6: 白给 | G6: =VLOOKUP(F6,选手工资!$A:$G,7,FALSE) -> 7 | H6: 破晓辰星 | I6: 3 | J6: 21 | K6: 9 | L6: 6 | M6: 17 | N6: 0.722 | O6: 0.2 | P6: 19448 | Q6: 231 | R6: 11 | S6: 637 | T6: 759 | U6: 2 | V6: 5150 | W6: 0 | X6: 16391 | Y6: 3799 | Z6: 25902 | AA6: 0.401 | AB6: 591 | AC6: 0.11944444 | AD6: 8 | AE6: 3732 | AF6: 7 | AG6: 0 | AH6: 0 | AI6: 0
A7: 260512 | B7: 2 | C7: 夜魇 | D7: 胜 | E7: 36 | F7: 坤坤 | G7: =VLOOKUP(F7,选手工资!$A:$G,7,FALSE) -> 2.5 | H7: 冥魂大帝 | I7: 1 | J7: 20 | K7: 4 | L7: 0 | M7: 20 | N7: 0.667 | O7: 0.205 | P7: 22198 | Q7: 303 | R7: 10 | S7: 687 | T7: 733 | U7: 1 | V7: 0 | W7: 0 | X7: 16779 | Y7: 10804 | Z7: 24455 | AA7: 0.36 | AB7: 0 | AC7: 0.0048611111 | AD7: 10 | AE7: 4087 | AF7: 6 | AG7: 0 | AH7: 2 | AI7: 1
A8: 260512 | B8: 2 | C8: 夜魇 | D8: 胜 | E8: 36 | F8: 博洋 | G8: =VLOOKUP(F8,选手工资!$A:$G,7,FALSE) -> 7.5 | H8: 水晶室女 | I8: 4 | J8: 18 | K8: 4 | L8: 4 | M8: 13 | N8: 0.472 | O8: 0.133 | P8: 12601 | Q8: 74 | R8: 1 | S8: 376 | T8: 566 | U8: 1 | V8: 0 | W8: 0 | X8: 10903 | Y8: 1108 | Z8: 16885 | AA8: 0.372 | AB8: 326 | AC8: 0.084027778 | AD8: 4 | AE8: 2401 | AF8: 6 | AG8: 500 | AH8: 1 | AI8: 3
A9: 260512 | B9: 2 | C9: 夜魇 | D9: 胜 | E9: 36 | F9: 猪猪 | G9: =VLOOKUP(F9,选手工资!$A:$G,7,FALSE) -> 5 | H9: 祸乱之源 | I9: 5 | J9: 14 | K9: 3 | L9: 6 | M9: 17 | N9: 0.556 | O9: 0.085 | P9: 8651 | Q9: 12 | R9: 1 | S9: 298 | T9: 375 | U9: 3 | V9: 0 | W9: 0 | X9: 6935 | Y9: 581 | Z9: 18346 | AA9: 0.317 | AB9: 402 | AC9: 0.12986111 | AD9: 7 | AE9: 1964 | AF9: 5 | AG9: 700 | AH9: 1 | AI9: 5
A10: 260512 | B10: 2 | C10: 天辉 | D10: 负 | E10: 18 | F10: valar | G10: =VLOOKUP(F10,选手工资!$A:$G,7,FALSE) -> 5.5 | H10: 天怒法师 | I10: 4 | J10: 14 | K10: 9 | L10: 6 | M10: 6 | N10: 0.833 | O10: 0.213 | P10: 8036 | Q10: 23 | R10: 1 | S10: 283 | T10: 358 | U10: 1 | V10: 0 | W10: 0 | X10: 14126 | Y10: 25 | Z10: 14840 | AA10: 0.27 | AB10: 366 | AC10: 0.12013889 | AD10: 1 | AE10: 1957 | AF10: 5 | AG10: 550 | AH10: 4 | AI10: 4
A11: 260512 | B11: 2 | C11: 天辉 | D11: 负 | E11: 18 | F11: 教练 | G11: =VLOOKUP(F11,选手工资!$A:$G,7,FALSE) -> 6 | H11: 莱恩 | I11: 5 | J11: 13 | K11: 0 | L11: 12 | M11: 3 | N11: 0.167 | O11: 0.093 | P11: 5762 | Q11: 49 | R11: 2 | S11: 237 | T11: 319 | U11: 1 | V11: 0 | W11: 0 | X11: 6160 | Y11: 0 | Z11: 20254 | AA11: 0.253 | AB11: 517 | AC11: 0.22083333 | AD11: 5 | AE11: 1571 | AF11: 5 | AG11: 700 | AH11: 0 | AI11: 8
A14: 比赛ID | B14: 8808144637
A15: 比赛时长 | B15: 32:00

Sheet 260512-3
A1: 日期 | B1: 场次 | C1: 阵营 | D1: 结果 | E1: 队伍击杀 | F1: 选手 | G1: 选手工资 | H1: 英雄 | I1: 位置 | J1: 等级 | K1: K | L1: D | M1: A | N1: 参战率 | O1: 输出占比 | P1: 财产 | Q1: 正补 | R1: 反补 | S1: GPM | T1: XPM | U1: 赏金神符 | V1: 治疗 | W1: 前哨 | X1: 英雄伤害 | Y1: 建筑伤害 | Z1: 承伤减免前 | AA1: 伤害减免比例 | AB1: 死亡损失金钱 | AC1: 死亡时间 | AD1: 挑选顺位 | AE1: 10分钟财产 | AF1: 10分钟等级 | AG1: 辅助道具金钱 | AH1: 堆野数 | AI1: 反眼数
A2: 260512 | B2: 3 | C2: 天辉 | D2: 负 | E2: 40 | F2: D | G2: =VLOOKUP(F2,选手工资!$A:$G,7,FALSE) -> 9 | H2: 痛苦女王 | I2: 2 | J2: 23 | K2: 10 | L2: 9 | M2: 14 | N2: 0.6 | O2: 0.363 | P2: 16832 | Q2: 302 | R2: 9 | S2: 562 | T2: 830 | U2: 3 | V2: 0 | W2: 0 | X2: 47822 | Y2: 769 | Z2: 62535 | AA2: 0.377 | AB2: 1922 | AC2: 0.28055556 | AD2: 9 | AE2: 4957 | AF2: 9 | AG2: 200 | AH2: 1 | AI2: 2
A3: 260512 | B3: 3 | C3: 天辉 | D3: 负 | E3: 40 | F3: 博洋 | G3: =VLOOKUP(F3,选手工资!$A:$G,7,FALSE) -> 7.5 | H3: 编织者 | I3: 1 | J3: 22 | K3: 8 | L3: 11 | M3: 16 | N3: 0.6 | O3: 0.225 | P3: 14766 | Q3: 239 | R3: 2 | S3: 503 | T3: 713 | U3: 0 | V3: 0 | W3: 0 | X3: 29687 | Y3: 344 | Z3: 42853 | AA3: 0.39 | AB3: 2001 | AC3: 0.30416667 | AD3: 6 | AE3: 3942 | AF3: 7 | AG3: 80 | AH3: 0 | AI3: 0
A4: 260512 | B4: 3 | C4: 天辉 | D4: 负 | E4: 40 | F4: 记者 | G4: =VLOOKUP(F4,选手工资!$A:$G,7,FALSE) -> 4.5 | H4: 酒仙 | I4: 3 | J4: 19 | K4: 11 | L4: 12 | M4: 11 | N4: 0.55 | O4: 0.174 | P4: 12840 | Q4: 161 | R4: 1 | S4: 423 | T4: 546 | U4: 0 | V4: 0 | W4: 0 | X4: 22991 | Y4: 182 | Z4: 57920 | AA4: 0.453 | AB4: 2080 | AC4: 0.31319444 | AD4: 2 | AE4: 2969 | AF4: 6 | AG4: 0 | AH4: 0 | AI4: 1
A5: 260512 | B5: 3 | C5: 天辉 | D5: 负 | E5: 40 | F5: 教练 | G5: =VLOOKUP(F5,选手工资!$A:$G,7,FALSE) -> 6 | H5: 天涯墨客 | I5: 4 | J5: 14 | K5: 6 | L5: 13 | M5: 20 | N5: 0.65 | O5: 0.135 | P5: 9455 | Q5: 82 | R5: 0 | S5: 333 | T5: 332 | U5: 3 | V5: 0 | W5: 0 | X5: 17751 | Y5: 52 | Z5: 36155 | AA5: 0.395 | AB5: 1314 | AC5: 0.32916667 | AD5: 5 | AE5: 2789 | AF5: 6 | AG5: 350 | AH5: 1 | AI5: 6
A6: 260512 | B6: 3 | C6: 天辉 | D6: 负 | E6: 40 | F6: 小队 | G6: =VLOOKUP(F6,选手工资!$A:$G,7,FALSE) -> 2 | H6: 邪影芳灵 | I6: 5 | J6: 14 | K6: 5 | L6: 14 | M6: 12 | N6: 0.425 | O6: 0.103 | P6: 9014 | Q6: 26 | R6: 1 | S6: 255 | T6: 311 | U6: 3 | V6: 0 | W6: 0 | X6: 13605 | Y6: 0 | Z6: 28515 | AA6: 0.316 | AB6: 966 | AC6: 0.34513889 | AD6: 1 | AE6: 1649 | AF6: 5 | AG6: 930 | AH6: 3 | AI6: 7
A7: 260512 | B7: 3 | C7: 夜魇 | D7: 胜 | E7: 59 | F7: ldxy | G7: =VLOOKUP(F7,选手工资!$A:$G,7,FALSE) -> 3.5 | H7: 风暴之灵 | I7: 2 | J7: 26 | K7: 20 | L7: 5 | M7: 26 | N7: 0.78 | O7: 0.324 | P7: 22820 | Q7: 253 | R7: 4 | S7: 725 | T7: 1074 | U7: 6 | V7: 0 | W7: 0 | X7: 44752 | Y7: 7138 | Z7: 59403 | AA7: 0.476 | AB7: 1096 | AC7: 0.10972222 | AD7: 10 | AE7: 4563 | AF7: 8 | AG7: 240 | AH7: 1 | AI7: 1
A8: 260512 | B8: 3 | C8: 夜魇 | D8: 胜 | E8: 59 | F8: xian | G8: =VLOOKUP(F8,选手工资!$A:$G,7,FALSE) -> 10.5 | H8: 石鳞剑士 | I8: 3 | J8: 26 | K8: 17 | L8: 6 | M8: 30 | N8: 0.797 | O8: 0.295 | P8: 21999 | Q8: 254 | R8: 13 | S8: 702 | T8: 1047 | U8: 1 | V8: 0 | W8: 1 | X8: 40709 | Y8: 2183 | Z8: 59272 | AA8: 0.618 | AB8: 1263 | AC8: 0.11875 | AD8: 7 | AE8: 4794 | AF8: 8 | AG8: 80 | AH8: 1 | AI8: 1
A9: 260512 | B9: 3 | C9: 夜魇 | D9: 胜 | E9: 59 | F9: 白给 | G9: =VLOOKUP(F9,选手工资!$A:$G,7,FALSE) -> 7 | H9: 冥魂大帝 | I9: 1 | J9: 25 | K9: 8 | L9: 1 | M9: 24 | N9: 0.542 | O9: 0.175 | P9: 25947 | Q9: 367 | R9: 8 | S9: 717 | T9: 979 | U9: 1 | V9: 0 | W9: 0 | X9: 24238 | Y9: 13642 | Z9: 47244 | AA9: 0.38 | AB9: 176 | AC9: 0.032638889 | AD9: 8 | AE9: 4582 | AF9: 7 | AG9: 0 | AH9: 2 | AI9: 0
A10: 260512 | B10: 3 | C10: 夜魇 | D10: 胜 | E10: 59 | F10: 坤坤 | G10: =VLOOKUP(F10,选手工资!$A:$G,7,FALSE) -> 2.5 | H10: 巫医 | I10: 5 | J10: 16 | K10: 6 | L10: 11 | M10: 24 | N10: 0.508 | O10: 0.092 | P10: 10660 | Q10: 33 | R10: 2 | S10: 324 | T10: 407 | U10: 0 | V10: 10118 | W10: 0 | X10: 12767 | Y10: 1809 | Z10: 41542 | AA10: 0.455 | AB10: 1028 | AC10: 0.25069444 | AD10: 3 | AE10: 2393 | AF10: 6 | AG10: 460 | AH10: 2 | AI10: 5
A11: 260512 | B11: 3 | C11: 夜魇 | D11: 胜 | E11: 59 | F11: 猪猪 | G11: =VLOOKUP(F11,选手工资!$A:$G,7,FALSE) -> 5 | H11: 电炎绝手 | I11: 4 | J11: 18 | K11: 7 | L11: 17 | M11: 28 | N11: 0.593 | O11: 0.113 | P11: 11865 | Q11: 53 | R11: 1 | S11: 407 | T11: 491 | U11: 1 | V11: 4300 | W11: 0 | X11: 15670 | Y11: 1785 | Z11: 38044 | AA11: 0.323 | AB11: 1280 | AC11: 0.35486111 | AD11: 4 | AE11: 1931 | AF11: 5 | AG11: 1190 | AH11: 1 | AI11: 1
A14: 比赛ID | B14: 8808200827
A15: 比赛时长 | B15: 36:53

Sheet 260512-4
A1: 日期 | B1: 场次 | C1: 阵营 | D1: 结果 | E1: 队伍击杀 | F1: 选手 | G1: 选手工资 | H1: 英雄 | I1: 位置 | J1: 等级 | K1: K | L1: D | M1: A | N1: 参战率 | O1: 输出占比 | P1: 财产 | Q1: 正补 | R1: 反补 | S1: GPM | T1: XPM | U1: 赏金神符 | V1: 治疗 | W1: 前哨 | X1: 英雄伤害 | Y1: 建筑伤害 | Z1: 承伤减免前 | AA1: 伤害减免比例 | AB1: 死亡损失金钱 | AC1: 死亡时间 | AD1: 挑选顺位 | AE1: 10分钟财产 | AF1: 10分钟等级 | AG1: 辅助道具金钱 | AH1: 堆野数 | AI1: 反眼数
A2: 260512 | B2: 4 | C2: 天辉 | D2: 负 | E2: 12 | F2: 呆叔 | G2: =VLOOKUP(F2,选手工资!$A:$G,7,FALSE) -> 4.5 | H2: 巫妖 | I2: 5 | J2: 8 | K2: 1 | L2: 6 | M2: 6 | N2: 0.583 | O2: 0.189 | P2: 3058 | Q2: 20 | R2: 8 | S2: 173 | T2: 222 | U2: 0 | V2: 0 | W2: 0 | X2: 8279 | Y2: 0 | Z2: 11327 | AA2: 0.257 | AB2: 101 | AC2: 0.10763889 | AD2: 5 | AE2: 1618 | AF2: 5 | AG2: 600 | AH2: 2 | AI2: 0
A3: 260512 | B3: 4 | C3: 天辉 | D3: 负 | E3: 12 | F3: 记者 | G3: =VLOOKUP(F3,选手工资!$A:$G,7,FALSE) -> 4.5 | H3: 破晓辰星 | I3: 3 | J3: 10 | K3: 1 | L3: 5 | M3: 4 | N3: 0.417 | O3: 0.122 | P3: 5339 | Q3: 117 | R3: 5 | S3: 314 | T3: 350 | U3: 1 | V3: 819 | W3: 0 | X3: 5349 | Y3: 70 | Z3: 20052 | AA3: 0.393 | AB3: 544 | AC3: 0.10486111 | AD3: 1 | AE3: 3195 | AF3: 6 | AG3: 0 | AH3: 0 | AI3: 0
A4: 260512 | B4: 4 | C4: 天辉 | D4: 负 | E4: 12 | F4: 教练 | G4: =VLOOKUP(F4,选手工资!$A:$G,7,FALSE) -> 6 | H4: 森海飞霞 | I4: 4 | J4: 9 | K4: 3 | L4: 6 | M4: 4 | N4: 0.583 | O4: 0.14 | P4: 3826 | Q4: 31 | R4: 6 | S4: 221 | T4: 280 | U4: 0 | V4: 0 | W4: 0 | X4: 6145 | Y4: 0 | Z4: 12895 | AA4: 0.369 | AB4: 270 | AC4: 0.10277778 | AD4: 2 | AE4: 1725 | AF4: 5 | AG4: 300 | AH4: 1 | AI4: 1
A5: 260512 | B5: 4 | C5: 天辉 | D5: 负 | E5: 12 | F5: 马忠 | G5: =VLOOKUP(F5,选手工资!$A:$G,7,FALSE) -> 8.5 | H5: 兽王 | I5: 1 | J5: 12 | K5: 1 | L5: 7 | M5: 4 | N5: 0.417 | O5: 0.195 | P5: 7635 | Q5: 158 | R5: 11 | S5: 408 | T5: 444 | U5: 2 | V5: 0 | W5: 0 | X5: 8537 | Y5: 0 | Z5: 18937 | AA5: 0.33 | AB5: 738 | AC5: 0.14097222 | AD5: 6 | AE5: 3725 | AF5: 7 | AG5: 0 | AH5: 1 | AI5: 0
A6: 260512 | B6: 4 | C6: 天辉 | D6: 负 | E6: 12 | F6: ldxy | G6: =VLOOKUP(F6,选手工资!$A:$G,7,FALSE) -> 3.5 | H6: 灰烬之灵 | I6: 2 | J6: 12 | K6: 6 | L6: 9 | M6: 2 | N6: 0.667 | O6: 0.354 | P6: 6292 | Q6: 93 | R6: 5 | S6: 404 | T6: 442 | U6: 2 | V6: 0 | W6: 0 | X6: 15491 | Y6: 0 | Z6: 30548 | AA6: 0.507 | AB6: 931 | AC6: 0.17013889 | AD6: 9 | AE6: 4434 | AF6: 8 | AG6: 50 | AH6: 0 | AI6: 0
A7: 260512 | B7: 4 | C7: 夜魇 | D7: 胜 | E7: 33 | F7: 小队 | G7: =VLOOKUP(F7,选手工资!$A:$G,7,FALSE) -> 2 | H7: 术士 | I7: 5 | J7: 11 | K7: 5 | L7: 2 | M7: 17 | N7: 0.667 | O7: 0.224 | P7: 5824 | Q7: 37 | R7: 4 | S7: 317 | T7: 406 | U7: 1 | V7: 3453 | W7: 0 | X7: 12653 | Y7: 107 | Z7: 7173 | AA7: 0.244 | AB7: 78 | AC7: 0.029861111 | AD7: 3 | AE7: 1773 | AF7: 6 | AG7: 200 | AH7: 2 | AI7: 1
A8: 260512 | B8: 4 | C8: 夜魇 | D8: 胜 | E8: 33 | F8: 博洋 | G8: =VLOOKUP(F8,选手工资!$A:$G,7,FALSE) -> 7.5 | H8: 裂魂人 | I8: 4 | J8: 12 | K8: 5 | L8: 5 | M8: 19 | N8: 0.727 | O8: 0.128 | P8: 6369 | Q8: 33 | R8: 0 | S8: 338 | T8: 446 | U8: 1 | V8: 0 | W8: 0 | X8: 7203 | Y8: 0 | Z8: 17916 | AA8: 0.287 | AB8: 332 | AC8: 0.080555556 | AD8: 4 | AE8: 2911 | AF8: 5 | AG8: 350 | AH8: 0 | AI8: 3
A9: 260512 | B9: 4 | C9: 夜魇 | D9: 胜 | E9: 33 | F9: xian | G9: =VLOOKUP(F9,选手工资!$A:$G,7,FALSE) -> 10.5 | H9: 帕克 | I9: 2 | J9: 18 | K9: 18 | L9: 0 | M9: 10 | N9: 0.848 | O9: 0.403 | P9: 13557 | Q9: 138 | R9: 9 | S9: 700 | T9: 939 | U9: 4 | V9: 0 | W9: 0 | X9: 22781 | Y9: 638 | Z9: 12163 | AA9: 0.325 | AB9: 0 | AC9: 0 | AD9: 7 | AE9: 5301 | AF9: 10 | AG9: 50 | AH9: 0 | AI9: 1
A10: 260512 | B10: 4 | C10: 夜魇 | D10: 胜 | E10: 33 | F10: valar | G10: =VLOOKUP(F10,选手工资!$A:$G,7,FALSE) -> 5.5 | H10: 石鳞剑士 | I10: 3 | J10: 13 | K10: 2 | L10: 4 | M10: 14 | N10: 0.485 | O10: 0.102 | P10: 7399 | Q10: 106 | R10: 7 | S10: 403 | T10: 522 | U10: 0 | V10: 0 | W10: 0 | X10: 5749 | Y10: 65 | Z10: 17674 | AA10: 0.503 | AB10: 236 | AC10: 0.074305556 | AD10: 10 | AE10: 2995 | AF10: 8 | AG10: 50 | AH10: 1 | AI10: 1
A11: 260512 | B11: 4 | C11: 夜魇 | D11: 胜 | E11: 33 | F11: 坤坤 | G11: =VLOOKUP(F11,选手工资!$A:$G,7,FALSE) -> 2.5 | H11: 冥魂大帝 | I11: 1 | J11: 14 | K11: 3 | L11: 1 | M11: 12 | N11: 0.455 | O11: 0.143 | P11: 10369 | Q11: 188 | R11: 8 | S11: 507 | T11: 598 | U11: 1 | V11: 0 | W11: 0 | X11: 8092 | Y11: 1719 | Z11: 12183 | AA11: 0.297 | AB11: 36 | AC11: 0.015972222 | AD11: 8 | AE11: 4032 | AF11: 6 | AG11: 0 | AH11: 1 | AI11: 0
A14: 比赛ID | B14: 8808274916
A15: 比赛时长 | B15: 19:29

Sheet 260512-5
A1: 日期 | B1: 场次 | C1: 阵营 | D1: 结果 | E1: 队伍击杀 | F1: 选手 | G1: 选手工资 | H1: 英雄 | I1: 位置 | J1: 等级 | K1: K | L1: D | M1: A | N1: 参战率 | O1: 输出占比 | P1: 财产 | Q1: 正补 | R1: 反补 | S1: GPM | T1: XPM | U1: 赏金神符 | V1: 治疗 | W1: 前哨 | X1: 英雄伤害 | Y1: 建筑伤害 | Z1: 承伤减免前 | AA1: 伤害减免比例 | AB1: 死亡损失金钱 | AC1: 死亡时间 | AD1: 挑选顺位 | AE1: 10分钟财产 | AF1: 10分钟等级 | AG1: 辅助道具金钱 | AH1: 堆野数 | AI1: 反眼数
A2: 260512 | B2: 5 | C2: 天辉 | D2: 胜 | E2: 41 | F2: ldxy | G2: =VLOOKUP(F2,选手工资!$A:$G,7,FALSE) -> 3.5 | H2: 恐怖利刃 | I2: 1 | J2: 20 | K2: 7 | L2: 5 | M2: 13 | N2: 0.488 | O2: 0.161 | P2: 20502 | Q2: 344 | R2: 9 | S2: 670 | T2: 678 | U2: 1 | V2: 0 | W2: 0 | X2: 18755 | Y2: 17321 | Z2: 39739 | AA2: 0.454 | AB2: 1601 | AC2: 0.17916667 | AD2: 5 | AE2: 6069 | AF2: 8 | AG2: 0 | AH2: 0 | AI2: 2
A3: 260512 | B3: 5 | C3: 天辉 | D3: 胜 | E3: 41 | F3: 马忠 | G3: =VLOOKUP(F3,选手工资!$A:$G,7,FALSE) -> 8.5 | H3: 钢背兽 | I3: 3 | J3: 22 | K3: 13 | L3: 3 | M3: 17 | N3: 0.732 | O3: 0.389 | P3: 22216 | Q3: 280 | R3: 11 | S3: 659 | T3: 824 | U3: 4 | V3: 0 | W3: 1 | X3: 45405 | Y3: 7457 | Z3: 98163 | AA3: 0.609 | AB3: 212 | AC3: 0.05 | AD3: 9 | AE3: 5043 | AF3: 8 | AG3: 0 | AH3: 0 | AI3: 1
A4: 260512 | B4: 5 | C4: 天辉 | D4: 胜 | E4: 41 | F4: xian | G4: =VLOOKUP(F4,选手工资!$A:$G,7,FALSE) -> 10.5 | H4: 森海飞霞 | I4: 2 | J4: 22 | K4: 13 | L4: 5 | M4: 13 | N4: 0.634 | O4: 0.26 | P4: 20680 | Q4: 240 | R4: 12 | S4: 635 | T4: 792 | U4: 2 | V4: 106 | W4: 0 | X4: 30355 | Y4: 3257 | Z4: 35969 | AA4: 0.413 | AB4: 555 | AC4: 0.12986111 | AD4: 2 | AE4: 4382 | AF4: 8 | AG4: 0 | AH4: 1 | AI4: 0
A5: 260512 | B5: 5 | C5: 天辉 | D5: 胜 | E5: 41 | F5: 坤坤 | G5: =VLOOKUP(F5,选手工资!$A:$G,7,FALSE) -> 2.5 | H5: 巫医 | I5: 5 | J5: 18 | K5: 1 | L5: 7 | M5: 26 | N5: 0.659 | O5: 0.119 | P5: 11440 | Q5: 22 | R5: 3 | S5: 324 | T5: 531 | U5: 1 | V5: 14260 | W5: 0 | X5: 13940 | Y5: 716 | Z5: 25696 | AA5: 0.405 | AB5: 900 | AC5: 0.17222222 | AD5: 6 | AE5: 2524 | AF5: 6 | AG5: 400 | AH5: 2 | AI5: 5
A6: 260512 | B6: 5 | C6: 天辉 | D6: 胜 | E6: 41 | F6: valar | G6: =VLOOKUP(F6,选手工资!$A:$G,7,FALSE) -> 5.5 | H6: 马格纳斯 | I6: 4 | J6: 18 | K6: 7 | L6: 6 | M6: 14 | N6: 0.512 | O6: 0.071 | P6: 10709 | Q6: 39 | R6: 0 | S6: 348 | T6: 546 | U6: 1 | V6: 0 | W6: 0 | X6: 8326 | Y6: 0 | Z6: 20044 | AA6: 0.341 | AB6: 588 | AC6: 0.13541667 | AD6: 1 | AE6: 2475 | AF6: 5 | AG6: 700 | AH6: 8 | AI6: 7
A7: 260512 | B7: 5 | C7: 夜魇 | D7: 负 | E7: 26 | F7: D | G7: =VLOOKUP(F7,选手工资!$A:$G,7,FALSE) -> 9 | H7: 痛苦女王 | I7: 2 | J7: 18 | K7: 7 | L7: 10 | M7: 10 | N7: 0.654 | O7: 0.385 | P7: 11812 | Q7: 172 | R7: 5 | S7: 431 | T7: 522 | U7: 2 | V7: 0 | W7: 0 | X7: 42248 | Y7: 270 | Z7: 57554 | AA7: 0.487 | AB7: 1643 | AC7: 0.19791667 | AD7: 10 | AE7: 3916 | AF7: 8 | AG7: 50 | AH7: 0 | AI7: 0
A8: 260512 | B8: 5 | C8: 夜魇 | D8: 负 | E8: 26 | F8: 小孩 | G8: =VLOOKUP(F8,选手工资!$A:$G,7,FALSE) -> 7.5 | H8: 潮汐猎人 | I8: 3 | J8: 20 | K8: 3 | L8: 5 | M8: 14 | N8: 0.654 | O8: 0.143 | P8: 13841 | Q8: 192 | R8: 6 | S8: 450 | T8: 633 | U8: 1 | V8: 1659 | W8: 0 | X8: 15666 | Y8: 148 | Z8: 50158 | AA8: 0.515 | AB8: 735 | AC8: 0.13125 | AD8: 7 | AE8: 3639 | AF8: 7 | AG8: 150 | AH8: 0 | AI8: 3
A9: 260512 | B9: 5 | C9: 夜魇 | D9: 负 | E9: 26 | F9: 博洋 | G9: =VLOOKUP(F9,选手工资!$A:$G,7,FALSE) -> 7.5 | H9: 主宰 | I9: 1 | J9: 20 | K9: 11 | L9: 8 | M9: 8 | N9: 0.731 | O9: 0.19 | P9: 17070 | Q9: 248 | R9: 6 | S9: 520 | T9: 643 | U9: 0 | V9: 5444 | W9: 0 | X9: 20866 | Y9: 575 | Z9: 53665 | AA9: 0.518 | AB9: 933 | AC9: 0.20555556 | AD9: 8 | AE9: 3979 | AF9: 7 | AG9: 0 | AH9: 0 | AI9: 0
A10: 260512 | B10: 5 | C10: 夜魇 | D10: 负 | E10: 26 | F10: 呆叔 | G10: =VLOOKUP(F10,选手工资!$A:$G,7,FALSE) -> 4.5 | H10: 裂魂人 | I10: 5 | J10: 15 | K10: 4 | L10: 7 | M10: 16 | N10: 0.769 | O10: 0.123 | P10: 8154 | Q10: 60 | R10: 0 | S10: 299 | T10: 378 | U10: 2 | V10: 0 | W10: 1 | X10: 13468 | Y10: 0 | Z10: 31592 | AA10: 0.399 | AB10: 614 | AC10: 0.14097222 | AD10: 4 | AE10: 2497 | AF10: 6 | AG10: 900 | AH10: 0 | AI10: 1
A11: 260512 | B11: 5 | C11: 夜魇 | D11: 负 | E11: 26 | F11: 小队 | G11: =VLOOKUP(F11,选手工资!$A:$G,7,FALSE) -> 2 | H11: 工程师 | I11: 4 | J11: 14 | K11: 1 | L11: 11 | M11: 18 | N11: 0.731 | O11: 0.159 | P11: 9142 | Q11: 56 | R11: 1 | S11: 293 | T11: 323 | U11: 4 | V11: 2163 | W11: 0 | X11: 17436 | Y11: 0 | Z11: 31074 | AA11: 0.418 | AB11: 831 | AC11: 0.24027778 | AD11: 3 | AE11: 2166 | AF11: 5 | AG11: 500 | AH11: 1 | AI11: 8
A14: 比赛ID | B14: 8808322394
A15: 比赛时长 | B15: 33:48

Sheet 260513-1
A1: 日期 | B1: 场次 | C1: 阵营 | D1: 结果 | E1: 队伍击杀 | F1: 选手 | G1: 选手工资 | H1: 英雄 | I1: 位置 | J1: 等级 | K1: K | L1: D | M1: A | N1: 参战率 | O1: 输出占比 | P1: 财产 | Q1: 正补 | R1: 反补 | S1: GPM | T1: XPM | U1: 赏金神符 | V1: 治疗 | W1: 前哨 | X1: 英雄伤害 | Y1: 建筑伤害 | Z1: 承伤减免前 | AA1: 伤害减免比例 | AB1: 死亡损失金钱 | AC1: 死亡时间 | AD1: 挑选顺位 | AE1: 10分钟财产 | AF1: 10分钟等级 | AG1: 辅助道具金钱 | AH1: 堆野数 | AI1: 反眼数
A2: 260513 | B2: 1 | C2: 天辉 | D2: 负 | E2: 14 | F2: ldxy | G2: =VLOOKUP(F2,选手工资!$A:$I,8,FALSE) -> 4.5 | H2: 拉席克 | I2: 2 | J2: 16 | K2: 5 | L2: 7 | M2: 6 | N2: 0.786 | O2: 0.419 | P2: 11289 | Q2: 182 | R2: 7 | S2: 511 | T2: 622 | U2: 3 | V2: 0 | W2: 0 | X2: 21279 | Y2: 420 | Z2: 33385 | AA2: 0.461 | AB2: 894 | AC2: 0.14305556 | AD2: 9 | AE2: 4524 | AF2: 9 | AG2: 100 | AH2: 1 | AI2: 0
A3: 260513 | B3: 1 | C3: 天辉 | D3: 负 | E3: 14 | F3: xinq | G3: =VLOOKUP(F3,选手工资!$A:$I,8,FALSE) -> 3 | H3: 斯拉达 | I3: 3 | J3: 13 | K3: 2 | L3: 8 | M3: 4 | N3: 0.429 | O3: 0.12 | P3: 8018 | Q3: 106 | R3: 8 | S3: 338 | T3: 384 | U3: 1 | V3: 0 | W3: 0 | X3: 6066 | Y3: 0 | Z3: 31997 | AA3: 0.415 | AB3: 766 | AC3: 0.16944444 | AD3: 5 | AE3: 3006 | AF3: 6 | AG3: 0 | AH3: 0 | AI3: 0
A4: 260513 | B4: 1 | C4: 天辉 | D4: 负 | E4: 14 | F4: 关羽 | G4: =VLOOKUP(F4,选手工资!$A:$I,8,FALSE) -> 7.5 | H4: 小小 | I4: 1 | J4: 12 | K4: 1 | L4: 7 | M4: 5 | N4: 0.429 | O4: 0.132 | P4: 9222 | Q4: 119 | R4: 5 | S4: 366 | T4: 354 | U4: 0 | V4: 0 | W4: 0 | X4: 6684 | Y4: 0 | Z4: 25729 | AA4: 0.31 | AB4: 399 | AC4: 0.12777778 | AD4: 3 | AE4: 3232 | AF4: 5 | AG4: 0 | AH4: 0 | AI4: 0
A5: 260513 | B5: 1 | C5: 天辉 | D5: 负 | E5: 14 | F5: 坤坤 | G5: =VLOOKUP(F5,选手工资!$A:$I,8,FALSE) -> 4 | H5: 巫医 | I5: 4 | J5: 12 | K5: 4 | L5: 11 | M5: 2 | N5: 0.429 | O5: 0.201 | P5: 5563 | Q5: 28 | R5: 0 | S5: 233 | T5: 331 | U5: 2 | V5: 0 | W5: 0 | X5: 10199 | Y5: 0 | Z5: 18252 | AA5: 0.297 | AB5: 428 | AC5: 0.16875 | AD5: 6 | AE5: 1490 | AF5: 5 | AG5: 300 | AH5: 0 | AI5: 1
A6: 260513 | B6: 1 | C6: 天辉 | D6: 负 | E6: 14 | F6: 老虎 | G6: =VLOOKUP(F6,选手工资!$A:$I,8,FALSE) -> 6.5 | H6: 天涯墨客 | I6: 5 | J6: 10 | K6: 2 | L6: 11 | M6: 6 | N6: 0.571 | O6: 0.129 | P6: 4763 | Q6: 12 | R6: 0 | S6: 212 | T6: 256 | U6: 2 | V6: 108 | W6: 0 | X6: 6533 | Y6: 0 | Z6: 20145 | AA6: 0.361 | AB6: 377 | AC6: 0.18125 | AD6: 2 | AE6: 2302 | AF6: 4 | AG6: 300 | AH6: 0 | AI6: 5
A7: 260513 | B7: 1 | C7: 夜魇 | D7: 胜 | E7: 44 | F7: 小孩 | G7: =VLOOKUP(F7,选手工资!$A:$I,8,FALSE) -> 7 | H7: 莉娜 | I7: 2 | J7: 19 | K7: 9 | L7: 2 | M7: 13 | N7: 0.5 | O7: 0.255 | P7: 14949 | Q7: 214 | R7: 10 | S7: 610 | T7: 780 | U7: 2 | V7: 0 | W7: 0 | X7: 20431 | Y7: 3520 | Z7: 7492 | AA7: 0.292 | AB7: 255 | AC7: 0.04375 | AD7: 10 | AE7: 4947 | AF7: 9 | AG7: 100 | AH7: 1 | AI7: 4
A8: 260513 | B8: 1 | C8: 夜魇 | D8: 胜 | E8: 44 | F8: 机器人 | G8: =VLOOKUP(F8,选手工资!$A:$I,8,FALSE) -> 5.5 | H8: 主宰 | I8: 1 | J8: 18 | K8: 11 | L8: 1 | M8: 10 | N8: 0.477 | O8: 0.242 | P8: 16250 | Q8: 234 | R8: 13 | S8: 642 | T8: 727 | U8: 3 | V8: 6862 | W8: 0 | X8: 19384 | Y8: 5870 | Z8: 16509 | AA8: 0.419 | AB8: 27 | AC8: 0.025694444 | AD8: 1 | AE8: 4845 | AF8: 7 | AG8: 0 | AH8: 0 | AI8: 0
A9: 260513 | B9: 1 | C9: 夜魇 | D9: 胜 | E9: 44 | F9: 马忠 | G9: =VLOOKUP(F9,选手工资!$A:$I,8,FALSE) -> 8.5 | H9: 破晓辰星 | I9: 3 | J9: 16 | K9: 12 | L9: 5 | M9: 17 | N9: 0.659 | O9: 0.243 | P9: 14608 | Q9: 194 | R9: 12 | S9: 603 | T9: 611 | U9: 0 | V9: 2377 | W9: 0 | X9: 19513 | Y9: 1014 | Z9: 27119 | AA9: 0.313 | AB9: 645 | AC9: 0.11388889 | AD9: 8 | AE9: 4578 | AF9: 7 | AG9: 0 | AH9: 0 | AI9: 1
A10: 260513 | B10: 1 | C10: 夜魇 | D10: 胜 | E10: 44 | F10: 小队 | G10: =VLOOKUP(F10,选手工资!$A:$I,8,FALSE) -> 1.5 | H10: 术士 | I10: 5 | J10: 14 | K10: 6 | L10: 0 | M10: 20 | N10: 0.591 | O10: 0.139 | P10: 7415 | Q10: 29 | R10: 2 | S10: 321 | T10: 437 | U10: 1 | V10: 5196 | W10: 0 | X10: 11108 | Y10: 17 | Z10: 7900 | AA10: 0.293 | AB10: 0 | AC10: 0 | AD10: 4 | AE10: 2486 | AF10: 7 | AG10: 400 | AH10: 2 | AI10: 5
A11: 260513 | B11: 1 | C11: 夜魇 | D11: 胜 | E11: 44 | F11: odst | G11: =VLOOKUP(F11,选手工资!$A:$I,8,FALSE) -> 3 | H11: 暗影萨满 | I11: 4 | J11: 14 | K11: 5 | L11: 6 | M11: 17 | N11: 0.5 | O11: 0.121 | P11: 9010 | Q11: 35 | R11: 4 | S11: 339 | T11: 462 | U11: 1 | V11: 0 | W11: 0 | X11: 9726 | Y11: 222 | Z11: 16303 | AA11: 0.284 | AB11: 457 | AC11: 0.12291667 | AD11: 7 | AE11: 1786 | AF11: 6 | AG11: 550 | AH11: 0 | AI11: 1
A14: 比赛ID | B14: 8809325330
A15: 比赛时长 | B15: 24:59

Sheet 260513-2
A1: 日期 | B1: 场次 | C1: 阵营 | D1: 结果 | E1: 队伍击杀 | F1: 选手 | G1: 选手工资 | H1: 英雄 | I1: 位置 | J1: 等级 | K1: K | L1: D | M1: A | N1: 参战率 | O1: 输出占比 | P1: 财产 | Q1: 正补 | R1: 反补 | S1: GPM | T1: XPM | U1: 赏金神符 | V1: 治疗 | W1: 前哨 | X1: 英雄伤害 | Y1: 建筑伤害 | Z1: 承伤减免前 | AA1: 伤害减免比例 | AB1: 死亡损失金钱 | AC1: 死亡时间 | AD1: 挑选顺位 | AE1: 10分钟财产 | AF1: 10分钟等级 | AG1: 辅助道具金钱 | AH1: 堆野数 | AI1: 反眼数
A2: 260513 | B2: 2 | C2: 天辉 | D2: 胜 | E2: 50 | F2: 坤坤 | G2: =VLOOKUP(F2,选手工资!$A:$I,8,FALSE) -> 4 | H2: 冥魂大帝 | I2: 1 | J2: 29 | K2: 7 | L2: 8 | M2: 24 | N2: 0.62 | O2: 0.163 | P2: 30019 | Q2: 456 | R2: 6 | S2: 683 | T2: 1134 | U2: 3 | V2: 0 | W2: 0 | X2: 39682 | Y2: 8392 | Z2: 139287 | AA2: 0.594 | AB2: 1997 | AC2: 0.17777778 | AD2: 2 | AE2: 3778 | AF2: 7 | AG2: 0 | AH2: 6 | AI2: 0
A3: 260513 | B3: 2 | C3: 天辉 | D3: 胜 | E3: 50 | F3: ldxy | G3: =VLOOKUP(F3,选手工资!$A:$I,8,FALSE) -> 4.5 | H3: 灰烬之灵 | I3: 2 | J3: 30 | K3: 15 | L3: 5 | M3: 30 | N3: 0.9 | O3: 0.345 | P3: 36458 | Q3: 415 | R3: 8 | S3: 757 | T3: 1289 | U3: 3 | V3: 0 | W3: 0 | X3: 83877 | Y3: 6434 | Z3: 144925 | AA3: 0.646 | AB3: 606 | AC3: 0.12013889 | AD3: 9 | AE3: 3303 | AF3: 7 | AG3: 50 | AH3: 1 | AI3: 0
A4: 260513 | B4: 2 | C4: 天辉 | D4: 胜 | E4: 50 | F4: 马忠 | G4: =VLOOKUP(F4,选手工资!$A:$I,8,FALSE) -> 8.5 | H4: 孽主 | I4: 3 | J4: 27 | K4: 9 | L4: 8 | M4: 34 | N4: 0.86 | O4: 0.248 | P4: 27719 | Q4: 378 | R4: 21 | S4: 673 | T4: 923 | U4: 3 | V4: 0 | W4: 0 | X4: 60398 | Y4: 927 | Z4: 113717 | AA4: 0.576 | AB4: 3261 | AC4: 0.31458333 | AD4: 6 | AE4: 4393 | AF4: 6 | AG4: 0 | AH4: 0 | AI4: 1
A5: 260513 | B5: 2 | C5: 天辉 | D5: 胜 | E5: 50 | F5: 老虎 | G5: =VLOOKUP(F5,选手工资!$A:$I,8,FALSE) -> 6.5 | H5: 斧王 | I5: 4 | J5: 25 | K5: 10 | L5: 12 | M5: 24 | N5: 0.68 | O5: 0.131 | P5: 18357 | Q5: 157 | R5: 0 | S5: 431 | T5: 705 | U5: 3 | V5: 400 | W5: 1 | X5: 31980 | Y5: 0 | Z5: 95620 | AA5: 0.593 | AB5: 2622 | AC5: 0.37291667 | AD5: 1 | AE5: 2673 | AF5: 5 | AG5: 300 | AH5: 0 | AI5: 0
A6: 260513 | B6: 2 | C6: 天辉 | D6: 胜 | E6: 50 | F6: 郝哥 | G6: =VLOOKUP(F6,选手工资!$A:$I,8,FALSE) -> 9.5 | H6: 沉默术士 | I6: 5 | J6: 28 | K6: 9 | L6: 6 | M6: 25 | N6: 0.68 | O6: 0.112 | P6: 19214 | Q6: 52 | R6: 2 | S6: 433 | T6: 986 | U6: 2 | V6: 0 | W6: 0 | X6: 27303 | Y6: 1844 | Z6: 35951 | AA6: 0.483 | AB6: 596 | AC6: 0.14930556 | AD6: 5 | AE6: 1607 | AF6: 5 | AG6: 1700 | AH6: 1 | AI6: 17
A7: 260513 | B7: 2 | C7: 夜魇 | D7: 负 | E7: 39 | F7: 关羽 | G7: =VLOOKUP(F7,选手工资!$A:$I,8,FALSE) -> 7.5 | H7: 瘟疫法师 | I7: 2 | J7: 27 | K7: 15 | L7: 9 | M7: 16 | N7: 0.795 | O7: 0.349 | P7: 29100 | Q7: 515 | R7: 10 | S7: 660 | T7: 929 | U7: 1 | V7: 8608 | W7: 0 | X7: 75299 | Y7: 1122 | Z7: 147584 | AA7: 0.469 | AB7: 5391 | AC7: 0.37569444 | AD7: 10 | AE7: 5896 | AF7: 9 | AG7: 0 | AH7: 2 | AI7: 0
A8: 260513 | B8: 2 | C8: 夜魇 | D8: 负 | E8: 39 | F8: 小孩 | G8: =VLOOKUP(F8,选手工资!$A:$I,8,FALSE) -> 7 | H8: 破晓辰星 | I8: 3 | J8: 26 | K8: 10 | L8: 9 | M8: 19 | N8: 0.744 | O8: 0.179 | P8: 20264 | Q8: 406 | R8: 6 | S8: 515 | T8: 767 | U8: 0 | V8: 6646 | W8: 0 | X8: 38630 | Y8: 221 | Z8: 93976 | AA8: 0.5 | AB8: 3483 | AC8: 0.42777778 | AD8: 4 | AE8: 4364 | AF8: 7 | AG8: 50 | AH8: 0 | AI8: 1
A9: 260513 | B9: 2 | C9: 夜魇 | D9: 负 | E9: 39 | F9: xinq | G9: =VLOOKUP(F9,选手工资!$A:$I,8,FALSE) -> 3 | H9: 露娜 | I9: 1 | J9: 26 | K9: 6 | L9: 9 | M9: 18 | N9: 0.615 | O9: 0.316 | P9: 24761 | Q9: 485 | R9: 5 | S9: 526 | T9: 814 | U9: 1 | V9: 0 | W9: 0 | X9: 68123 | Y9: 2017 | Z9: 88996 | AA9: 0.508 | AB9: 3367 | AC9: 0.36458333 | AD9: 8 | AE9: 3037 | AF9: 6 | AG9: 0 | AH9: 4 | AI9: 2
A10: 260513 | B10: 2 | C10: 夜魇 | D10: 负 | E10: 39 | F10: 教练 | G10: =VLOOKUP(F10,选手工资!$A:$I,8,FALSE) -> 5 | H10: 邪影芳灵 | I10: 4 | J10: 21 | K10: 7 | L10: 16 | M10: 18 | N10: 0.641 | O10: 0.097 | P10: 14230 | Q10: 89 | R10: 8 | S10: 294 | T10: 498 | U10: 3 | V10: 477 | W10: 0 | X10: 20984 | Y10: 0 | Z10: 54683 | AA10: 0.327 | AB10: 2621 | AC10: 0.41458333 | AD10: 3 | AE10: 2940 | AF10: 6 | AG10: 1050 | AH10: 2 | AI10: 11
A11: 260513 | B11: 2 | C11: 夜魇 | D11: 负 | E11: 39 | F11: xian | G11: =VLOOKUP(F11,选手工资!$A:$I,8,FALSE) -> 11 | H11: 炼金术士 | I11: 5 | J11: 26 | K11: 1 | L11: 7 | M11: 16 | N11: 0.436 | O11: 0.058 | P11: 16147 | Q11: 403 | R11: 8 | S11: 616 | T11: 806 | U11: 7 | V11: 0 | W11: 0 | X11: 12601 | Y11: 3 | Z11: 63094 | AA11: 0.432 | AB11: 919 | AC11: 0.31736111 | AD11: 7 | AE11: 2243 | AF11: 6 | AG11: 150 | AH11: 13 | AI11: 3
A14: 比赛ID | B14: 8809369991
A15: 比赛时长 | B15: 50:29

Sheet 260513-3
A1: 日期 | B1: 场次 | C1: 阵营 | D1: 结果 | E1: 队伍击杀 | F1: 选手 | G1: 选手工资 | H1: 英雄 | I1: 位置 | J1: 等级 | K1: K | L1: D | M1: A | N1: 参战率 | O1: 输出占比 | P1: 财产 | Q1: 正补 | R1: 反补 | S1: GPM | T1: XPM | U1: 赏金神符 | V1: 治疗 | W1: 前哨 | X1: 英雄伤害 | Y1: 建筑伤害 | Z1: 承伤减免前 | AA1: 伤害减免比例 | AB1: 死亡损失金钱 | AC1: 死亡时间 | AD1: 挑选顺位 | AE1: 10分钟财产 | AF1: 10分钟等级 | AG1: 辅助道具金钱 | AH1: 堆野数 | AI1: 反眼数
A2: 260513 | B2: 3 | C2: 天辉 | D2: 胜 | E2: 44 | F2: xian | G2: =VLOOKUP(F2,选手工资!$A:$I,8,FALSE) -> 11 | H2: 莉娜 | I2: 2 | J2: 24 | K2: 12 | L2: 6 | M2: 14 | N2: 0.591 | O2: 0.241 | P2: 22751 | Q2: 346 | R2: 7 | S2: 651 | T2: 889 | U2: 2 | V2: 0 | W2: 0 | X2: 31223 | Y2: 9070 | Z2: 35587 | AA2: 0.535 | AB2: 927 | AC2: 0.21805556 | AD2: 6 | AE2: 5626 | AF2: 9 | AG2: 50 | AH2: 3 | AI2: 2
A3: 260513 | B3: 3 | C3: 天辉 | D3: 胜 | E3: 44 | F3: 马忠 | G3: =VLOOKUP(F3,选手工资!$A:$I,8,FALSE) -> 8.5 | H3: 破晓辰星 | I3: 3 | J3: 24 | K3: 8 | L3: 1 | M3: 21 | N3: 0.659 | O3: 0.278 | P3: 22246 | Q3: 318 | R3: 19 | S3: 634 | T3: 917 | U3: 1 | V3: 4390 | W3: 0 | X3: 36081 | Y3: 3421 | Z3: 35413 | AA3: 0.494 | AB3: 317 | AC3: 0.038194444 | AD3: 5 | AE3: 4336 | AF3: 7 | AG3: 0 | AH3: 2 | AI3: 0
A4: 260513 | B4: 3 | C4: 天辉 | D4: 胜 | E4: 44 | F4: 机器人 | G4: =VLOOKUP(F4,选手工资!$A:$I,8,FALSE) -> 5.5 | H4: 幻影刺客 | I4: 1 | J4: 24 | K4: 13 | L4: 4 | M4: 12 | N4: 0.568 | O4: 0.213 | P4: 24024 | Q4: 325 | R4: 23 | S4: 686 | T4: 878 | U4: 3 | V4: 0 | W4: 0 | X4: 27627 | Y4: 6884 | Z4: 23677 | AA4: 0.426 | AB4: 954 | AC4: 0.12777778 | AD4: 9 | AE4: 4076 | AF4: 6 | AG4: 0 | AH4: 0 | AI4: 0
A5: 260513 | B5: 3 | C5: 天辉 | D5: 胜 | E5: 44 | F5: valar | G5: =VLOOKUP(F5,选手工资!$A:$I,8,FALSE) -> 6.5 | H5: 寒冬飞龙 | I5: 5 | J5: 17 | K5: 4 | L5: 6 | M5: 25 | N5: 0.659 | O5: 0.092 | P5: 11263 | Q5: 36 | R5: 1 | S5: 307 | T5: 467 | U5: 0 | V5: 3376 | W5: 1 | X5: 11969 | Y5: 29 | Z5: 22512 | AA5: 0.393 | AB5: 738 | AC5: 0.14722222 | AD5: 1 | AE5: 1980 | AF5: 6 | AG5: 800 | AH5: 2 | AI5: 12
A6: 260513 | B6: 3 | C6: 天辉 | D6: 胜 | E6: 44 | F6: 阵容 | G6: =VLOOKUP(F6,选手工资!$A:$I,8,FALSE) -> 4.5 | H6: 司夜刺客 | I6: 4 | J6: 23 | K6: 6 | L6: 4 | M6: 26 | N6: 0.727 | O6: 0.175 | P6: 10570 | Q6: 25 | R6: 2 | S6: 326 | T6: 825 | U6: 2 | V6: 0 | W6: 2 | X6: 22680 | Y6: 186 | Z6: 25427 | AA6: 0.54 | AB6: 244 | AC6: 0.085416667 | AD6: 2 | AE6: 2106 | AF6: 5 | AG6: 650 | AH6: 0 | AI6: 2
A7: 260513 | B7: 3 | C7: 夜魇 | D7: 负 | E7: 21 | F7: ldxy | G7: =VLOOKUP(F7,选手工资!$A:$I,8,FALSE) -> 4.5 | H7: 风暴之灵 | I7: 2 | J7: 21 | K7: 4 | L7: 11 | M7: 9 | N7: 0.619 | O7: 0.234 | P7: 15808 | Q7: 286 | R7: 1 | S7: 473 | T7: 669 | U7: 5 | V7: 0 | W7: 0 | X7: 17242 | Y7: 0 | Z7: 39716 | AA7: 0.441 | AB7: 1735 | AC7: 0.26180556 | AD7: 10 | AE7: 3151 | AF7: 7 | AG7: 100 | AH7: 1 | AI7: 2
A8: 260513 | B8: 3 | C8: 夜魇 | D8: 负 | E8: 21 | F8: 郝哥 | G8: =VLOOKUP(F8,选手工资!$A:$I,8,FALSE) -> 9.5 | H8: 莱恩 | I8: 5 | J8: 17 | K8: 7 | L8: 9 | M8: 10 | N8: 0.81 | O8: 0.18 | P8: 8171 | Q8: 29 | R8: 4 | S8: 319 | T8: 475 | U8: 2 | V8: 0 | W8: 0 | X8: 13267 | Y8: 0 | Z8: 22072 | AA8: 0.303 | AB8: 1177 | AC8: 0.21597222 | AD8: 7 | AE8: 1953 | AF8: 5 | AG8: 910 | AH8: 1 | AI8: 1
A9: 260513 | B9: 3 | C9: 夜魇 | D9: 负 | E9: 21 | F9: zjw | G9: =VLOOKUP(F9,选手工资!$A:$I,8,FALSE) -> 7 | H9: 斯拉克 | I9: 3 | J9: 18 | K9: 1 | L9: 13 | M9: 5 | N9: 0.286 | O9: 0.143 | P9: 10803 | Q9: 158 | R9: 6 | S9: 346 | T9: 496 | U9: 0 | V9: 0 | W9: 0 | X9: 10542 | Y9: 388 | Z9: 77565 | AA9: 0.478 | AB9: 1833 | AC9: 0.32777778 | AD9: 3 | AE9: 2773 | AF9: 6 | AG9: 250 | AH9: 1 | AI9: 6
A10: 260513 | B10: 3 | C10: 夜魇 | D10: 负 | E10: 21 | F10: D | G10: =VLOOKUP(F10,选手工资!$A:$I,8,FALSE) -> 8 | H10: 魅惑魔女 | I10: 4 | J10: 18 | K10: 7 | L10: 7 | M10: 6 | N10: 0.619 | O10: 0.243 | P10: 11178 | Q10: 120 | R10: 1 | S10: 357 | T10: 501 | U10: 5 | V10: 1515 | W10: 0 | X10: 17894 | Y10: 1681 | Z10: 33485 | AA10: 0.366 | AB10: 899 | AC10: 0.22569444 | AD10: 4 | AE10: 2140 | AF10: 6 | AG10: 600 | AH10: 0 | AI10: 3
A11: 260513 | B11: 3 | C11: 夜魇 | D11: 负 | E11: 21 | F11: 小孩 | G11: =VLOOKUP(F11,选手工资!$A:$I,8,FALSE) -> 7 | H11: 虚空假面 | I11: 1 | J11: 21 | K11: 2 | L11: 4 | M11: 11 | N11: 0.619 | O11: 0.199 | P11: 18065 | Q11: 296 | R11: 27 | S11: 525 | T11: 702 | U11: 0 | V11: 0 | W11: 1 | X11: 14639 | Y11: 0 | Z11: 54845 | AA11: 0.449 | AB11: 1239 | AC11: 0.12847222 | AD11: 8 | AE11: 3308 | AF11: 7 | AG11: 0 | AH11: 0 | AI11: 1
A14: 比赛ID | B14: 8809369991
A15: 比赛时长 | B15: 50:29

Sheet 260513-4
A1: 日期 | B1: 场次 | C1: 阵营 | D1: 结果 | E1: 队伍击杀 | F1: 选手 | G1: 选手工资 | H1: 英雄 | I1: 位置 | J1: 等级 | K1: K | L1: D | M1: A | N1: 参战率 | O1: 输出占比 | P1: 财产 | Q1: 正补 | R1: 反补 | S1: GPM | T1: XPM | U1: 赏金神符 | V1: 治疗 | W1: 前哨 | X1: 英雄伤害 | Y1: 建筑伤害 | Z1: 承伤减免前 | AA1: 伤害减免比例 | AB1: 死亡损失金钱 | AC1: 死亡时间 | AD1: 挑选顺位 | AE1: 10分钟财产 | AF1: 10分钟等级 | AG1: 辅助道具金钱 | AH1: 堆野数 | AI1: 反眼数
A2: 260513 | B2: 4 | C2: 天辉 | D2: 胜 | E2: 57 | F2: xian | G2: =VLOOKUP(F2,选手工资!$A:$I,8,FALSE) -> 11 | H2: 风暴之灵 | I2: 2 | J2: 26 | K2: 15 | L2: 7 | M2: 23 | N2: 0.667 | O2: 0.338 | P2: 20560 | Q2: 247 | R2: 10 | S2: 607 | T2: 926 | U2: 2 | V2: 106 | W2: 1 | X2: 41481 | Y2: 3709 | Z2: 55589 | AA2: 0.468 | AB2: 2171 | AC2: 0.26805556 | AD2: 6 | AE2: 4029 | AF2: 8 | AG2: 50 | AH2: 1 | AI2: 1
A3: 260513 | B3: 4 | C3: 天辉 | D3: 胜 | E3: 57 | F3: 机器人 | G3: =VLOOKUP(F3,选手工资!$A:$I,8,FALSE) -> 5.5 | H3: 破晓辰星 | I3: 3 | J3: 27 | K3: 15 | L3: 5 | M3: 24 | N3: 0.684 | O3: 0.24 | P3: 27260 | Q3: 310 | R3: 7 | S3: 687 | T3: 1058 | U3: 4 | V3: 7440 | W3: 0 | X3: 29482 | Y3: 4733 | Z3: 50653 | AA3: 0.446 | AB3: 700 | AC3: 0.13402778 | AD3: 5 | AE3: 3727 | AF3: 7 | AG3: 0 | AH3: 1 | AI3: 1
A4: 260513 | B4: 4 | C4: 天辉 | D4: 胜 | E4: 57 | F4: 小孩 | G4: =VLOOKUP(F4,选手工资!$A:$I,8,FALSE) -> 7 | H4: 虚空假面 | I4: 1 | J4: 27 | K4: 15 | L4: 3 | M4: 12 | N4: 0.474 | O4: 0.22 | P4: 32893 | Q4: 453 | R4: 18 | S4: 806 | T4: 1091 | U4: 3 | V4: 0 | W4: 1 | X4: 26941 | Y4: 13052 | Z4: 51182 | AA4: 0.472 | AB4: 805 | AC4: 0.10486111 | AD4: 9 | AE4: 3582 | AF4: 6 | AG4: 0 | AH4: 0 | AI4: 3
A5: 260513 | B5: 4 | C5: 天辉 | D5: 胜 | E5: 57 | F5: 教练 | G5: =VLOOKUP(F5,选手工资!$A:$I,8,FALSE) -> 5 | H5: 裂魂人 | I5: 4 | J5: 23 | K5: 9 | L5: 9 | M5: 30 | N5: 0.684 | O5: 0.149 | P5: 13688 | Q5: 71 | R5: 4 | S5: 422 | T5: 728 | U5: 2 | V5: 0 | W5: 0 | X5: 18284 | Y5: 1328 | Z5: 45317 | AA5: 0.397 | AB5: 1282 | AC5: 0.22847222 | AD5: 1 | AE5: 2127 | AF5: 5 | AG5: 1380 | AH5: 1 | AI5: 6
A6: 260513 | B6: 4 | C6: 天辉 | D6: 胜 | E6: 57 | F6: 阵容 | G6: =VLOOKUP(F6,选手工资!$A:$I,8,FALSE) -> 4.5 | H6: 沉默术士 | I6: 5 | J6: 20 | K6: 1 | L6: 3 | M6: 21 | N6: 0.386 | O6: 0.053 | P6: 13272 | Q6: 149 | R6: 2 | S6: 357 | T6: 525 | U6: 2 | V6: 0 | W6: 0 | X6: 6515 | Y6: 154 | Z6: 11891 | AA6: 0.348 | AB6: 161 | AC6: 0.052083333 | AD6: 2 | AE6: 1969 | AF6: 5 | AG6: 750 | AH6: 3 | AI6: 3
A7: 260513 | B7: 4 | C7: 夜魇 | D7: 负 | E7: 25 | F7: 郝哥 | G7: =VLOOKUP(F7,选手工资!$A:$I,8,FALSE) -> 9.5 | H7: 灰烬之灵 | I7: 2 | J7: 23 | K7: 7 | L7: 14 | M7: 10 | N7: 0.68 | O7: 0.257 | P7: 17336 | Q7: 231 | R7: 3 | S7: 478 | T7: 691 | U7: 1 | V7: 0 | W7: 1 | X7: 30832 | Y7: 962 | Z7: 66707 | AA7: 0.572 | AB7: 3019 | AC7: 0.40972222 | AD7: 7 | AE7: 3848 | AF7: 8 | AG7: 80 | AH7: 0 | AI7: 2
A8: 260513 | B8: 4 | C8: 夜魇 | D8: 负 | E8: 25 | F8: D | G8: =VLOOKUP(F8,选手工资!$A:$I,8,FALSE) -> 8 | H8: 狼人 | I8: 3 | J8: 22 | K8: 8 | L8: 6 | M8: 13 | N8: 0.84 | O8: 0.28 | P8: 22097 | Q8: 314 | R8: 12 | S8: 566 | T8: 679 | U8: 2 | V8: 0 | W8: 0 | X8: 33547 | Y8: 3541 | Z8: 61148 | AA8: 0.483 | AB8: 1590 | AC8: 0.19444444 | AD8: 10 | AE8: 4222 | AF8: 7 | AG8: 160 | AH8: 1 | AI8: 0
A9: 260513 | B9: 4 | C9: 夜魇 | D9: 负 | E9: 25 | F9: ldxy | G9: =VLOOKUP(F9,选手工资!$A:$I,8,FALSE) -> 4.5 | H9: 幽鬼 | I9: 1 | J9: 23 | K9: 4 | L9: 9 | M9: 9 | N9: 0.52 | O9: 0.28 | P9: 19855 | Q9: 341 | R9: 10 | S9: 530 | T9: 723 | U9: 5 | V9: 0 | W9: 0 | X9: 33497 | Y9: 91 | Z9: 45703 | AA9: 0.558 | AB9: 2298 | AC9: 0.32916667 | AD9: 8 | AE9: 3955 | AF9: 6 | AG9: 0 | AH9: 2 | AI9: 0
A10: 260513 | B10: 4 | C10: 夜魇 | D10: 负 | E10: 25 | F10: 小队 | G10: =VLOOKUP(F10,选手工资!$A:$I,8,FALSE) -> 1.5 | H10: 术士 | I10: 5 | J10: 14 | K10: 2 | L10: 11 | M10: 12 | N10: 0.56 | O10: 0.082 | P10: 9505 | Q10: 27 | R10: 0 | S10: 279 | T10: 294 | U10: 0 | V10: 2831 | W10: 0 | X10: 9829 | Y10: 127 | Z10: 22343 | AA10: 0.341 | AB10: 842 | AC10: 0.23472222 | AD10: 3 | AE10: 2434 | AF10: 6 | AG10: 450 | AH10: 3 | AI10: 2
A11: 260513 | B11: 4 | C11: 夜魇 | D11: 负 | E11: 25 | F11: 马忠 | G11: =VLOOKUP(F11,选手工资!$A:$I,8,FALSE) -> 8.5 | H11: 莱恩 | I11: 4 | J11: 17 | K11: 4 | L11: 18 | M11: 13 | N11: 0.68 | O11: 0.101 | P11: 10738 | Q11: 31 | R11: 2 | S11: 294 | T11: 409 | U11: 2 | V11: 0 | W11: 1 | X11: 12047 | Y11: 87 | Z11: 40866 | AA11: 0.324 | AB11: 1523 | AC11: 0.47986111 | AD11: 4 | AE11: 2016 | AF11: 6 | AG11: 700 | AH11: 1 | AI11: 8
A14: 比赛ID | B14: 8809524624
A15: 比赛时长 | B15: 41:56

Sheet 260514-1
A1: 日期 | B1: 场次 | C1: 阵营 | D1: 结果 | E1: 队伍击杀 | F1: 选手 | G1: 选手工资 | H1: 英雄 | I1: 位置 | J1: 等级 | K1: K | L1: D | M1: A | N1: 参战率 | O1: 输出占比 | P1: 财产 | Q1: 正补 | R1: 反补 | S1: GPM | T1: XPM | U1: 赏金神符 | V1: 治疗 | W1: 前哨 | X1: 英雄伤害 | Y1: 建筑伤害 | Z1: 承伤减免前 | AA1: 伤害减免比例 | AB1: 死亡损失金钱 | AC1: 死亡时间 | AD1: 挑选顺位 | AE1: 10分钟财产 | AF1: 10分钟等级 | AG1: 辅助道具金钱 | AH1: 堆野数 | AI1: 反眼数
A2: 260514 | B2: 1 | C2: 天辉 | D2: 胜 | E2: 51 | F2: 马忠 | G2: =VLOOKUP(F2,选手工资!$A:$I,9,FALSE) -> 9 | H2: 灰烬之灵 | I2: 2 | J2: 25 | K2: 12 | L2: 3 | M2: 25 | N2: 0.725 | O2: 0.282 | P2: 22535 | Q2: 222 | R2: 11 | S2: 622 | T2: 971 | U2: 1 | V2: 430 | W2: 0 | X2: 45114 | Y2: 4110 | Z2: 50139 | AA2: 0.542 | AB2: 573 | AC2: 0.086805556 | AD2: 9 | AE2: 3390 | AF2: 8 | AG2: 80 | AH2: 1 | AI2: 1
A3: 260514 | B3: 1 | C3: 天辉 | D3: 胜 | E3: 51 | F3: 小队 | G3: =VLOOKUP(F3,选手工资!$A:$I,9,FALSE) -> 2 | H3: 巫医 | I3: 5 | J3: 20 | K3: 11 | L3: 6 | M3: 27 | N3: 0.745 | O3: 0.187 | P3: 15072 | Q3: 33 | R3: 2 | S3: 439 | T3: 608 | U3: 3 | V3: 15110 | W3: 1 | X3: 30022 | Y3: 997 | Z3: 24899 | AA3: 0.376 | AB3: 381 | AC3: 0.15625 | AD3: 2 | AE3: 2597 | AF3: 8 | AG3: 1690 | AH3: 0 | AI3: 3
A4: 260514 | B4: 1 | C4: 天辉 | D4: 胜 | E4: 51 | F4: 小孩 | G4: =VLOOKUP(F4,选手工资!$A:$I,9,FALSE) -> 7 | H4: 孽主 | I4: 3 | J4: 24 | K4: 8 | L4: 8 | M4: 27 | N4: 0.686 | O4: 0.176 | P4: 21263 | Q4: 211 | R4: 8 | S4: 613 | T4: 912 | U4: 0 | V4: 0 | W4: 0 | X4: 28196 | Y4: 8823 | Z4: 46527 | AA4: 0.339 | AB4: 1201 | AC4: 0.19027778 | AD4: 5 | AE4: 4283 | AF4: 6 | AG4: 150 | AH4: 0 | AI4: 3
A5: 260514 | B5: 1 | C5: 天辉 | D5: 胜 | E5: 51 | F5: 机器人 | G5: =VLOOKUP(F5,选手工资!$A:$I,9,FALSE) -> 6.5 | H5: 编织者 | I5: 1 | J5: 24 | K5: 14 | L5: 8 | M5: 19 | N5: 0.647 | O5: 0.229 | P5: 23041 | Q5: 283 | R5: 16 | S5: 646 | T5: 902 | U5: 1 | V5: 0 | W5: 1 | X5: 36674 | Y5: 13356 | Z5: 49903 | AA5: 0.372 | AB5: 1131 | AC5: 0.19166667 | AD5: 6 | AE5: 3769 | AF5: 6 | AG5: 0 | AH5: 0 | AI5: 0
A6: 260514 | B6: 1 | C6: 天辉 | D6: 胜 | E6: 51 | F6: 老虎 | G6: =VLOOKUP(F6,选手工资!$A:$I,9,FALSE) -> 6 | H6: 水晶室女 | I6: 4 | J6: 20 | K6: 6 | L6: 10 | M6: 31 | N6: 0.725 | O6: 0.126 | P6: 14246 | Q6: 55 | R6: 1 | S6: 370 | T6: 596 | U6: 0 | V6: 260 | W6: 0 | X6: 20229 | Y6: 1676 | Z6: 32738 | AA6: 0.432 | AB6: 671 | AC6: 0.20555556 | AD6: 1 | AE6: 2253 | AF6: 5 | AG6: 720 | AH6: 1 | AI6: 1
A7: 260514 | B7: 1 | C7: 夜魇 | D7: 负 | E7: 35 | F7: ldxy | G7: =VLOOKUP(F7,选手工资!$A:$I,9,FALSE) -> 4 | H7: 祈求者 | I7: 2 | J7: 20 | K7: 7 | L7: 8 | M7: 15 | N7: 0.629 | O7: 0.28 | P7: 15618 | Q7: 241 | R7: 19 | S7: 501 | T7: 594 | U7: 0 | V7: 0 | W7: 0 | X7: 33338 | Y7: 1027 | Z7: 44066 | AA7: 0.35 | AB7: 2293 | AC7: 0.30277778 | AD7: 10 | AE7: 3962 | AF7: 8 | AG7: 130 | AH7: 0 | AI7: 1
A8: 260514 | B8: 1 | C8: 夜魇 | D8: 负 | E8: 35 | F8: 记者 | G8: =VLOOKUP(F8,选手工资!$A:$I,9,FALSE) -> 3.5 | H8: 死亡先知 | I8: 3 | J8: 19 | K8: 12 | L8: 9 | M8: 13 | N8: 0.714 | O8: 0.27 | P8: 14020 | Q8: 158 | R8: 16 | S8: 417 | T8: 548 | U8: 1 | V8: 0 | W8: 0 | X8: 32139 | Y8: 852 | Z8: 60774 | AA8: 0.385 | AB8: 1467 | AC8: 0.30833333 | AD8: 8 | AE8: 4975 | AF8: 7 | AG8: 0 | AH8: 2 | AI8: 0
A9: 260514 | B9: 1 | C9: 夜魇 | D9: 负 | E9: 35 | F9: xian | G9: =VLOOKUP(F9,选手工资!$A:$I,9,FALSE) -> 11 | H9: 小小 | I9: 1 | J9: 23 | K9: 6 | L9: 11 | M9: 11 | N9: 0.486 | O9: 0.196 | P9: 16639 | Q9: 343 | R9: 10 | S9: 554 | T9: 805 | U9: 7 | V9: 0 | W9: 0 | X9: 23328 | Y9: 152 | Z9: 73293 | AA9: 0.409 | AB9: 2059 | AC9: 0.29861111 | AD9: 7 | AE9: 4136 | AF9: 7 | AG9: 0 | AH9: 1 | AI9: 0
A10: 260514 | B10: 1 | C10: 夜魇 | D10: 负 | E10: 35 | F10: 阵容 | G10: =VLOOKUP(F10,选手工资!$A:$I,9,FALSE) -> 5.5 | H10: 帕吉 | I10: 4 | J10: 18 | K10: 4 | L10: 11 | M10: 13 | N10: 0.486 | O10: 0.141 | P10: 8705 | Q10: 118 | R10: 5 | S10: 326 | T10: 486 | U10: 3 | V10: 886 | W10: 0 | X10: 16853 | Y10: 226 | Z10: 43175 | AA10: 0.514 | AB10: 1163 | AC10: 0.22916667 | AD10: 3 | AE10: 2020 | AF10: 5 | AG10: 990 | AH10: 0 | AI10: 0
A11: 260514 | B11: 1 | C11: 夜魇 | D11: 负 | E11: 35 | F11: 博洋 | G11: =VLOOKUP(F11,选手工资!$A:$I,9,FALSE) -> 7 | H11: 裂魂人 | I11: 5 | J11: 17 | K11: 4 | L11: 12 | M11: 22 | N11: 0.743 | O11: 0.113 | P11: 9425 | Q11: 86 | R11: 1 | S11: 328 | T11: 464 | U11: 4 | V11: 237 | W11: 0 | X11: 13501 | Y11: 150 | Z11: 46579 | AA11: 0.358 | AB11: 1539 | AC11: 0.31319444 | AD11: 4 | AE11: 2377 | AF11: 5 | AG11: 840 | AH11: 0 | AI11: 3
A14: 比赛ID | B14: 8810559331
A15: 比赛时长 | B15: 37:23

Sheet 260514-2
A1: 日期 | B1: 场次 | C1: 阵营 | D1: 结果 | E1: 队伍击杀 | F1: 选手 | G1: 选手工资 | H1: 英雄 | I1: 位置 | J1: 等级 | K1: K | L1: D | M1: A | N1: 参战率 | O1: 输出占比 | P1: 财产 | Q1: 正补 | R1: 反补 | S1: GPM | T1: XPM | U1: 赏金神符 | V1: 治疗 | W1: 前哨 | X1: 英雄伤害 | Y1: 建筑伤害 | Z1: 承伤减免前 | AA1: 伤害减免比例 | AB1: 死亡损失金钱 | AC1: 死亡时间 | AD1: 挑选顺位 | AE1: 10分钟财产 | AF1: 10分钟等级 | AG1: 辅助道具金钱 | AH1: 堆野数 | AI1: 反眼数
A2: 260514 | B2: 2 | C2: 天辉 | D2: 胜 | E2: 43 | F2: ldxy | G2: =VLOOKUP(F2,选手工资!$A:$I,9,FALSE) -> 4 | H2: 卓尔游侠 | I2: 1 | J2: 23 | K2: 19 | L2: 2 | M2: 10 | N2: 0.674 | O2: 0.385 | P2: 28132 | Q2: 390 | R2: 20 | S2: 776 | T2: 773 | U2: 2 | V2: 0 | W2: 1 | X2: 33965 | Y2: 22716 | Z2: 41333 | AA2: 0.572 | AB2: 761 | AC2: 0.08125 | AD2: 6 | AE2: 5623 | AF2: 8 | AG2: 0 | AH2: 0 | AI2: 2
A3: 260514 | B3: 2 | C3: 天辉 | D3: 胜 | E3: 43 | F3: 机器人 | G3: =VLOOKUP(F3,选手工资!$A:$I,9,FALSE) -> 6.5 | H3: 亚巴顿 | I3: 5 | J3: 20 | K3: 3 | L3: 6 | M3: 22 | N3: 0.581 | O3: 0.065 | P3: 10081 | Q3: 33 | R3: 3 | S3: 297 | T3: 585 | U3: 1 | V3: 16917 | W3: 2 | X3: 5751 | Y3: 0 | Z3: 17809 | AA3: 0.4 | AB3: 545 | AC3: 0.14305556 | AD3: 1 | AE3: 2117 | AF3: 5 | AG3: 680 | AH3: 1 | AI3: 9
A4: 260514 | B4: 2 | C4: 天辉 | D4: 胜 | E4: 43 | F4: 小孩 | G4: =VLOOKUP(F4,选手工资!$A:$I,9,FALSE) -> 7 | H4: 孽主 | I4: 3 | J4: 21 | K4: 6 | L4: 3 | M4: 21 | N4: 0.628 | O4: 0.226 | P4: 22664 | Q4: 288 | R4: 34 | S4: 641 | T4: 690 | U4: 0 | V4: 0 | W4: 0 | X4: 19930 | Y4: 1469 | Z4: 38281 | AA4: 0.409 | AB4: 574 | AC4: 0.10277778 | AD4: 5 | AE4: 4724 | AF4: 7 | AG4: 0 | AH4: 2 | AI4: 1
A5: 260514 | B5: 2 | C5: 天辉 | D5: 胜 | E5: 43 | F5: 马忠 | G5: =VLOOKUP(F5,选手工资!$A:$I,9,FALSE) -> 9 | H5: 莱恩 | I5: 4 | J5: 19 | K5: 5 | L5: 7 | M5: 19 | N5: 0.558 | O5: 0.11 | P5: 11046 | Q5: 31 | R5: 1 | S5: 352 | T5: 569 | U5: 6 | V5: 0 | W5: 1 | X5: 9696 | Y5: 53 | Z5: 17745 | AA5: 0.257 | AB5: 741 | AC5: 0.15763889 | AD5: 2 | AE5: 2130 | AF5: 5 | AG5: 850 | AH5: 3 | AI5: 6
A6: 260514 | B6: 2 | C6: 天辉 | D6: 胜 | E6: 43 | F6: D | G6: =VLOOKUP(F6,选手工资!$A:$I,9,FALSE) -> 7 | H6: 斯拉达 | I6: 2 | J6: 22 | K6: 9 | L6: 2 | M6: 19 | N6: 0.651 | O6: 0.214 | P6: 19008 | Q6: 210 | R6: 10 | S6: 538 | T6: 749 | U6: 1 | V6: 110 | W6: 0 | X6: 18916 | Y6: 3915 | Z6: 34917 | AA6: 0.445 | AB6: 760 | AC6: 0.090277778 | AD6: 9 | AE6: 3938 | AF6: 8 | AG6: 100 | AH6: 0 | AI6: 1
A7: 260514 | B7: 2 | C7: 夜魇 | D7: 负 | E7: 20 | F7: 记者 | G7: =VLOOKUP(F7,选手工资!$A:$I,9,FALSE) -> 3.5 | H7: 黑暗贤者 | I7: 3 | J7: 19 | K7: 3 | L7: 8 | M7: 11 | N7: 0.7 | O7: 0.229 | P7: 15525 | Q7: 217 | R7: 1 | S7: 470 | T7: 553 | U7: 1 | V7: 0 | W7: 0 | X7: 19101 | Y7: 0 | Z7: 29783 | AA7: 0.407 | AB7: 1090 | AC7: 0.16805556 | AD7: 10 | AE7: 2838 | AF7: 6 | AG7: 0 | AH7: 2 | AI7: 0
A8: 260514 | B8: 2 | C8: 夜魇 | D8: 负 | E8: 20 | F8: xian | G8: =VLOOKUP(F8,选手工资!$A:$I,9,FALSE) -> 11 | H8: 虚无之灵 | I8: 2 | J8: 21 | K8: 6 | L8: 7 | M8: 9 | N8: 0.75 | O8: 0.261 | P8: 16405 | Q8: 287 | R8: 8 | S8: 523 | T8: 640 | U8: 6 | V8: 717 | W8: 1 | X8: 21793 | Y8: 0 | Z8: 37479 | AA8: 0.391 | AB8: 1401 | AC8: 0.19652778 | AD8: 8 | AE8: 3925 | AF8: 8 | AG8: 50 | AH8: 0 | AI8: 1
A9: 260514 | B9: 2 | C9: 夜魇 | D9: 负 | E9: 20 | F9: 博洋 | G9: =VLOOKUP(F9,选手工资!$A:$I,9,FALSE) -> 7 | H9: 编织者 | I9: 1 | J9: 20 | K9: 6 | L9: 8 | M9: 6 | N9: 0.6 | O9: 0.202 | P9: 15954 | Q9: 256 | R9: 6 | S9: 499 | T9: 576 | U9: 1 | V9: 0 | W9: 0 | X9: 16868 | Y9: 505 | Z9: 29443 | AA9: 0.364 | AB9: 1291 | AC9: 0.18263889 | AD9: 4 | AE9: 2939 | AF9: 5 | AG9: 0 | AH9: 1 | AI9: 0
A10: 260514 | B10: 2 | C10: 夜魇 | D10: 负 | E10: 20 | F10: 阵容 | G10: =VLOOKUP(F10,选手工资!$A:$I,9,FALSE) -> 5.5 | H10: 司夜刺客 | I10: 4 | J10: 15 | K10: 4 | L10: 11 | M10: 7 | N10: 0.55 | O10: 0.145 | P10: 8697 | Q10: 54 | R10: 1 | S10: 261 | T10: 341 | U10: 2 | V10: 0 | W10: 0 | X10: 12083 | Y10: 0 | Z10: 27754 | AA10: 0.47 | AB10: 1036 | AC10: 0.22847222 | AD10: 7 | AE10: 1808 | AF10: 4 | AG10: 680 | AH10: 0 | AI10: 5
A11: 260514 | B11: 2 | C11: 夜魇 | D11: 负 | E11: 20 | F11: 老虎 | G11: =VLOOKUP(F11,选手工资!$A:$I,9,FALSE) -> 6 | H11: 杰奇洛 | I11: 5 | J11: 15 | K11: 0 | L11: 9 | M11: 9 | N11: 0.45 | O11: 0.164 | P11: 7357 | Q11: 38 | R11: 3 | S11: 226 | T11: 357 | U11: 0 | V11: 0 | W11: 1 | X11: 13698 | Y11: 0 | Z11: 16909 | AA11: 0.152 | AB11: 726 | AC11: 0.16736111 | AD11: 3 | AE11: 1342 | AF11: 4 | AG11: 700 | AH11: 1 | AI11: 5
A14: 比赛ID | B14: 8810621567
A15: 比赛时长 | B15: 37:24

Sheet 260514-3
A1: 日期 | B1: 场次 | C1: 阵营 | D1: 结果 | E1: 队伍击杀 | F1: 选手 | G1: 选手工资 | H1: 英雄 | I1: 位置 | J1: 等级 | K1: K | L1: D | M1: A | N1: 参战率 | O1: 输出占比 | P1: 财产 | Q1: 正补 | R1: 反补 | S1: GPM | T1: XPM | U1: 赏金神符 | V1: 治疗 | W1: 前哨 | X1: 英雄伤害 | Y1: 建筑伤害 | Z1: 承伤减免前 | AA1: 伤害减免比例 | AB1: 死亡损失金钱 | AC1: 死亡时间 | AD1: 挑选顺位 | AE1: 10分钟财产 | AF1: 10分钟等级 | AG1: 辅助道具金钱 | AH1: 堆野数 | AI1: 反眼数
A2: 260514 | B2: 3 | C2: 夜魇 | D2: 负 | E2: 22 | F2: D | G2: =VLOOKUP(F2,选手工资!$A:$I,9,FALSE) -> 7 | H2: 凯 | I2: 2 | J2: 23 | K2: 5 | L2: 3 | M2: 5 | N2: 0.455 | O2: 0.392 | P2: 18042 | Q2: 317 | R2: 3 | S2: 587 | T2: 813 | U2: 2 | V2: 0 | W2: 0 | X2: 33164 | Y2: 1698 | Z2: 50109 | AA2: 0.483 | AB2: 1075 | AC2: 0.089583333 | AD2: 7 | AE2: 4264 | AF2: 9 | AG2: 50 | AH2: 0 | AI2: 2
A3: 260514 | B3: 3 | C3: 天辉 | D3: 胜 | E3: 42 | F3: ldxy | G3: =VLOOKUP(F3,选手工资!$A:$I,9,FALSE) -> 4 | H3: 灰烬之灵 | I3: 2 | J3: 25 | K3: 16 | L3: 3 | M3: 16 | N3: 0.762 | O3: 0.357 | P3: 28769 | Q3: 306 | R3: 9 | S3: 686 | T3: 982 | U3: 2 | V3: 0 | W3: 0 | X3: 46228 | Y3: 2571 | Z3: 39542 | AA3: 0.517 | AB3: 312 | AC3: 0.061111111 | AD3: 9 | AE3: 4241 | AF3: 8 | AG3: 130 | AH3: 0 | AI3: 1
A4: 260514 | B4: 3 | C4: 天辉 | D4: 胜 | E4: 42 | F4: 马忠 | G4: =VLOOKUP(F4,选手工资!$A:$I,9,FALSE) -> 9 | H4: 幻影长矛手 | I4: 1 | J4: 23 | K4: 11 | L4: 3 | M4: 16 | N4: 0.643 | O4: 0.204 | P4: 25336 | Q4: 365 | R4: 20 | S4: 726 | T4: 795 | U4: 3 | V4: 0 | W4: 0 | X4: 26491 | Y4: 9136 | Z4: 31711 | AA4: 0.47 | AB4: 670 | AC4: 0.084722222 | AD4: 6 | AE4: 4487 | AF4: 7 | AG4: 0 | AH4: 1 | AI4: 0
A5: 260514 | B5: 3 | C5: 夜魇 | D5: 负 | E5: 22 | F5: 机器人 | G5: =VLOOKUP(F5,选手工资!$A:$I,9,FALSE) -> 6.5 | H5: 噬魂鬼 | I5: 1 | J5: 19 | K5: 6 | L5: 6 | M5: 6 | N5: 0.545 | O5: 0.251 | P5: 16106 | Q5: 261 | R5: 11 | S5: 468 | T5: 569 | U5: 5 | V5: 554 | W5: 0 | X5: 21280 | Y5: 86 | Z5: 65043 | AA5: 0.489 | AB5: 868 | AC5: 0.19722222 | AD5: 8 | AE5: 4195 | AF5: 7 | AG5: 50 | AH5: 0 | AI5: 1
A6: 260514 | B6: 3 | C6: 天辉 | D6: 胜 | E6: 42 | F6: 博洋 | G6: =VLOOKUP(F6,选手工资!$A:$I,9,FALSE) -> 7 | H6: 工程师 | I6: 4 | J6: 21 | K6: 2 | L6: 6 | M6: 29 | N6: 0.738 | O6: 0.201 | P6: 12741 | Q6: 69 | R6: 0 | S6: 342 | T6: 661 | U6: 0 | V6: 6446 | W6: 0 | X6: 26045 | Y6: 964 | Z6: 22851 | AA6: 0.362 | AB6: 627 | AC6: 0.14791667 | AD6: 1 | AE6: 2378 | AF6: 6 | AG6: 600 | AH6: 2 | AI6: 8
A7: 260514 | B7: 3 | C7: 夜魇 | D7: 负 | E7: 22 | F7: valar | G7: =VLOOKUP(F7,选手工资!$A:$I,9,FALSE) -> 6.5 | H7: 不朽尸王 | I7: 5 | J7: 14 | K7: 4 | L7: 14 | M7: 12 | N7: 0.727 | O7: 0.094 | P7: 7931 | Q7: 50 | R7: 2 | S7: 281 | T7: 332 | U7: 1 | V7: 4491 | W7: 0 | X7: 7931 | Y7: 0 | Z7: 50530 | AA7: 0.366 | AB7: 1754 | AC7: 0.25416667 | AD7: 3 | AE7: 2265 | AF7: 6 | AG7: 700 | AH7: 3 | AI7: 2
A8: 260514 | B8: 3 | C8: 天辉 | D8: 胜 | E8: 42 | F8: 小孩 | G8: =VLOOKUP(F8,选手工资!$A:$I,9,FALSE) -> 7 | H8: 孽主 | I8: 3 | J8: 22 | K8: 5 | L8: 6 | M8: 20 | N8: 0.595 | O8: 0.141 | P8: 19341 | Q8: 200 | R8: 32 | S8: 543 | T8: 721 | U8: 0 | V8: 0 | W8: 0 | X8: 18275 | Y8: 2146 | Z8: 40946 | AA8: 0.435 | AB8: 609 | AC8: 0.14305556 | AD8: 2 | AE8: 3610 | AF8: 5 | AG8: 0 | AH8: 0 | AI8: 0
A9: 260514 | B9: 3 | C9: 夜魇 | D9: 负 | E9: 22 | F9: 教练 | G9: =VLOOKUP(F9,选手工资!$A:$I,9,FALSE) -> 5 | H9: 森海飞霞 | I9: 4 | J9: 15 | K9: 3 | L9: 12 | M9: 6 | N9: 0.409 | O9: 0.115 | P9: 9058 | Q9: 63 | R9: 7 | S9: 299 | T9: 361 | U9: 1 | V9: 411 | W9: 0 | X9: 9781 | Y9: 0 | Z9: 30070 | AA9: 0.351 | AB9: 996 | AC9: 0.30972222 | AD9: 4 | AE9: 1760 | AF9: 5 | AG9: 700 | AH9: 1 | AI9: 6
A10: 260514 | B10: 3 | C10: 夜魇 | D10: 负 | E10: 22 | F10: 阵容 | G10: =VLOOKUP(F10,选手工资!$A:$I,9,FALSE) -> 5.5 | H10: 石鳞剑士 | I10: 3 | J10: 17 | K10: 4 | L10: 7 | M10: 4 | N10: 0.364 | O10: 0.148 | P10: 12785 | Q10: 195 | R10: 8 | S10: 382 | T10: 454 | U10: 2 | V10: 0 | W10: 0 | X10: 12544 | Y10: 0 | Z10: 41982 | AA10: 0.55 | AB10: 492 | AC10: 0.16944444 | AD10: 10 | AE10: 2599 | AF10: 5 | AG10: 0 | AH10: 0 | AI10: 0
A11: 260514 | B11: 3 | C11: 天辉 | D11: 胜 | E11: 42 | F11: 记者 | G11: =VLOOKUP(F11,选手工资!$A:$I,9,FALSE) -> 3.5 | H11: 电炎绝手 | I11: 5 | J11: 18 | K11: 7 | L11: 4 | M11: 16 | N11: 0.548 | O11: 0.097 | P11: 11491 | Q11: 71 | R11: 4 | S11: 348 | T11: 489 | U11: 4 | V11: 2152 | W11: 1 | X11: 12553 | Y11: 1989 | Z11: 17347 | AA11: 0.363 | AB11: 233 | AC11: 0.079166667 | AD11: 5 | AE11: 1208 | AF11: 5 | AG11: 450 | AH11: 2 | AI11: 4
A14: 比赛ID | B14: 8810694716
A15: 比赛时长 | B15: 36:11

Sheet 260514-4
A1: 日期 | B1: 场次 | C1: 阵营 | D1: 结果 | E1: 队伍击杀 | F1: 选手 | G1: 选手工资 | H1: 英雄 | I1: 位置 | J1: 等级 | K1: K | L1: D | M1: A | N1: 参战率 | O1: 输出占比 | P1: 财产 | Q1: 正补 | R1: 反补 | S1: GPM | T1: XPM | U1: 赏金神符 | V1: 治疗 | W1: 前哨 | X1: 英雄伤害 | Y1: 建筑伤害 | Z1: 承伤减免前 | AA1: 伤害减免比例 | AB1: 死亡损失金钱 | AC1: 死亡时间 | AD1: 挑选顺位 | AE1: 10分钟财产 | AF1: 10分钟等级 | AG1: 辅助道具金钱 | AH1: 堆野数 | AI1: 反眼数
A2: 260514 | B2: 4 | C2: 天辉 | D2: 胜 | E2: 39 | F2: xian | G2: =VLOOKUP(F2,选手工资!$A:$I,9,FALSE) -> 11 | H2: 小小 | I2: 2 | J2: 28 | K2: 10 | L2: 7 | M2: 14 | N2: 0.615 | O2: 0.293 | P2: 30218 | Q2: 442 | R2: 5 | S2: 672 | T2: 1098 | U2: 5 | V2: 0 | W2: 0 | X2: 51860 | Y2: 10427 | Z2: 99540 | AA2: 0.517 | AB2: 1992 | AC2: 0.24791667 | AD2: 5 | AE2: 4449 | AF2: 9 | AG2: 50 | AH2: 1 | AI2: 2
A3: 260514 | B3: 4 | C3: 天辉 | D3: 胜 | E3: 39 | F3: ldxy | G3: =VLOOKUP(F3,选手工资!$A:$I,9,FALSE) -> 4 | H3: 巨魔战将 | I3: 1 | J3: 28 | K3: 16 | L3: 4 | M3: 3 | N3: 0.487 | O3: 0.269 | P3: 38846 | Q3: 636 | R3: 15 | S3: 939 | T3: 1089 | U3: 5 | V3: 0 | W3: 2 | X3: 47603 | Y3: 16623 | Z3: 138072 | AA3: 0.597 | AB3: 2432 | AC3: 0.15972222 | AD3: 9 | AE3: 4522 | AF3: 7 | AG3: 0 | AH3: 2 | AI3: 1
A4: 260514 | B4: 4 | C4: 天辉 | D4: 胜 | E4: 39 | F4: 阵容 | G4: =VLOOKUP(F4,选手工资!$A:$I,9,FALSE) -> 5.5 | H4: 玛西 | I4: 3 | J4: 26 | K4: 6 | L4: 8 | M4: 21 | N4: 0.692 | O4: 0.196 | P4: 24046 | Q4: 273 | R4: 2 | S4: 542 | T4: 877 | U4: 3 | V4: 1648 | W4: 0 | X4: 34643 | Y4: 1100 | Z4: 70579 | AA4: 0.53 | AB4: 1351 | AC4: 0.21458333 | AD4: 6 | AE4: 3353 | AF4: 6 | AG4: 130 | AH4: 1 | AI4: 1
A5: 260514 | B5: 4 | C5: 天辉 | D5: 胜 | E5: 39 | F5: xinq | G5: =VLOOKUP(F5,选手工资!$A:$I,9,FALSE) -> 2.5 | H5: 杰奇洛 | I5: 5 | J5: 22 | K5: 3 | L5: 11 | M5: 20 | N5: 0.59 | O5: 0.132 | P5: 16016 | Q5: 129 | R5: 1 | S5: 397 | T5: 551 | U5: 0 | V5: 0 | W5: 0 | X5: 23397 | Y5: 1562 | Z5: 51422 | AA5: 0.406 | AB5: 1653 | AC5: 0.28125 | AD5: 2 | AE5: 2057 | AF5: 6 | AG5: 550 | AH5: 2 | AI5: 12
A6: 260514 | B6: 4 | C6: 天辉 | D6: 胜 | E6: 39 | F6: 教练 | G6: =VLOOKUP(F6,选手工资!$A:$I,9,FALSE) -> 5 | H6: 森海飞霞 | I6: 4 | J6: 21 | K6: 3 | L6: 11 | M6: 21 | N6: 0.615 | O6: 0.111 | P6: 14774 | Q6: 88 | R6: 5 | S6: 382 | T6: 520 | U6: 3 | V6: 960 | W6: 1 | X6: 19578 | Y6: 89 | Z6: 40875 | AA6: 0.478 | AB6: 1455 | AC6: 0.21527778 | AD6: 1 | AE6: 2138 | AF6: 5 | AG6: 1700 | AH6: 0 | AI6: 11
A7: 260514 | B7: 4 | C7: 夜魇 | D7: 负 | E7: 40 | F7: D | G7: =VLOOKUP(F7,选手工资!$A:$I,9,FALSE) -> 7 | H7: 狼人 | I7: 2 | J7: 22 | K7: 8 | L7: 8 | M7: 21 | N7: 0.725 | O7: 0.138 | P7: 21579 | Q7: 294 | R7: 8 | S7: 521 | T7: 574 | U7: 1 | V7: 0 | W7: 1 | X7: 26008 | Y7: 11169 | Z7: 82392 | AA7: 0.536 | AB7: 1639 | AC7: 0.23125 | AD7: 7 | AE7: 3765 | AF7: 8 | AG7: 310 | AH7: 0 | AI7: 2
A8: 260514 | B8: 4 | C8: 夜魇 | D8: 负 | E8: 40 | F8: 记者 | G8: =VLOOKUP(F8,选手工资!$A:$I,9,FALSE) -> 3.5 | H8: 潮汐猎人 | I8: 3 | J8: 25 | K8: 7 | L8: 5 | M8: 18 | N8: 0.625 | O8: 0.173 | P8: 20018 | Q8: 266 | R8: 4 | S8: 502 | T8: 750 | U8: 1 | V8: 4240 | W8: 1 | X8: 32687 | Y8: 1010 | Z8: 86126 | AA8: 0.548 | AB8: 2064 | AC8: 0.16736111 | AD8: 8 | AE8: 3386 | AF8: 8 | AG8: 0 | AH8: 0 | AI8: 1
A9: 260514 | B9: 4 | C9: 夜魇 | D9: 负 | E9: 40 | F9: 马忠 | G9: =VLOOKUP(F9,选手工资!$A:$I,9,FALSE) -> 9 | H9: 露娜 | I9: 1 | J9: 27 | K9: 18 | L9: 9 | M9: 12 | N9: 0.75 | O9: 0.457 | P9: 30574 | Q9: 534 | R9: 12 | S9: 768 | T9: 956 | U9: 7 | V9: 0 | W9: 1 | X9: 86353 | Y9: 7517 | Z9: 96347 | AA9: 0.555 | AB9: 2849 | AC9: 0.22708333 | AD9: 10 | AE9: 4201 | AF9: 7 | AG9: 0 | AH9: 0 | AI9: 0
A10: 260514 | B10: 4 | C10: 夜魇 | D10: 负 | E10: 40 | F10: 小队 | G10: =VLOOKUP(F10,选手工资!$A:$I,9,FALSE) -> 2 | H10: 电炎绝手 | I10: 5 | J10: 21 | K10: 6 | L10: 10 | M10: 20 | N10: 0.65 | O10: 0.104 | P10: 12028 | Q10: 54 | R10: 4 | S10: 344 | T10: 525 | U10: 0 | V10: 0 | W10: 0 | X10: 19664 | Y10: 266 | Z10: 58022 | AA10: 0.457 | AB10: 1578 | AC10: 0.23333333 | AD10: 3 | AE10: 2277 | AF10: 6 | AG10: 1110 | AH10: 1 | AI10: 6
A11: 260514 | B11: 4 | C11: 夜魇 | D11: 负 | E11: 40 | F11: valar | G11: =VLOOKUP(F11,选手工资!$A:$I,9,FALSE) -> 6.5 | H11: 撼地者 | I11: 4 | J11: 21 | K11: 1 | L11: 9 | M11: 20 | N11: 0.525 | O11: 0.128 | P11: 13211 | Q11: 116 | R11: 3 | S11: 301 | T11: 515 | U11: 0 | V11: 0 | W11: 0 | X11: 24087 | Y11: 0 | Z11: 43427 | AA11: 0.412 | AB11: 577 | AC11: 0.25902778 | AD11: 4 | AE11: 1901 | AF11: 4 | AG11: 880 | AH11: 9 | AI11: 4
A14: 比赛ID | B14: 8810765756
A15: 比赛时长 | B15: 48:32

Sheet 260515-1
A1: 日期 | B1: 场次 | C1: 阵营 | D1: 结果 | E1: 队伍击杀 | F1: 选手 | G1: 选手工资 | H1: 英雄 | I1: 位置 | J1: 等级 | K1: K | L1: D | M1: A | N1: 参战率 | O1: 输出占比 | P1: 财产 | Q1: 正补 | R1: 反补 | S1: GPM | T1: XPM | U1: 赏金神符 | V1: 治疗 | W1: 前哨 | X1: 英雄伤害 | Y1: 建筑伤害 | Z1: 承伤减免前 | AA1: 伤害减免比例 | AB1: 死亡损失金钱 | AC1: 死亡时间 | AD1: 挑选顺位 | AE1: 10分钟财产 | AF1: 10分钟等级 | AG1: 辅助道具金钱 | AH1: 堆野数 | AI1: 反眼数
A2: 260515 | B2: 1 | C2: 天辉 | D2: 胜 | E2: 62 | F2: ldxy | G2: =VLOOKUP(F2,选手工资!$A:$T,10,FALSE) -> 5 | H2: 灰烬之灵 | I2: 2 | J2: 22 | K2: 17 | L2: 3 | M2: 27 | N2: 0.71 | O2: 0.245 | P2: 20292 | Q2: 248 | R2: 10 | S2: 670 | T2: 839 | U2: 3 | V2: 0 | W2: 0 | X2: 35510 | Y2: 4750 | Z2: 34818 | AA2: 0.592 | AB2: 1197 | AC2: 0.15 | AD2: 9 | AE2: 5468 | AF2: 10 | AG2: 50 | AH2: 0 | AI2: 0
A3: 260515 | B3: 1 | C3: 天辉 | D3: 胜 | E3: 62 | F3: 马忠 | G3: =VLOOKUP(F3,选手工资!$A:$T,10,FALSE) -> 9.5 | H3: 伐木机 | I3: 3 | J3: 24 | K3: 19 | L3: 1 | M3: 22 | N3: 0.661 | O3: 0.354 | P3: 22539 | Q3: 260 | R3: 16 | S3: 713 | T3: 989 | U3: 2 | V3: 0 | W3: 0 | X3: 51250 | Y3: 3329 | Z3: 39823 | AA3: 0.443 | AB3: 830 | AC3: 0.071527778 | AD3: 5 | AE3: 4426 | AF3: 7 | AG3: 0 | AH3: 1 | AI3: 0
A4: 260515 | B4: 1 | C4: 天辉 | D4: 胜 | E4: 62 | F4: 老板 | G4: =VLOOKUP(F4,选手工资!$A:$T,10,FALSE) -> 4 | H4: 琼英碧灵 | I4: 1 | J4: 21 | K4: 6 | L4: 4 | M4: 21 | N4: 0.435 | O4: 0.137 | P4: 19041 | Q4: 252 | R4: 18 | S4: 599 | T4: 741 | U4: 0 | V4: 0 | W4: 0 | X4: 19900 | Y4: 16169 | Z4: 18346 | AA4: 0.413 | AB4: 1267 | AC4: 0.12222222 | AD4: 6 | AE4: 3959 | AF4: 7 | AG4: 0 | AH4: 2 | AI4: 2
A5: 260515 | B5: 1 | C5: 天辉 | D5: 胜 | E5: 62 | F5: jin | G5: =VLOOKUP(F5,选手工资!$A:$T,10,FALSE) -> 6 | H5: 莱恩 | I5: 4 | J5: 19 | K5: 12 | L5: 6 | M5: 29 | N5: 0.661 | O5: 0.112 | P5: 10480 | Q5: 17 | R5: 3 | S5: 356 | T5: 591 | U5: 1 | V5: 0 | W5: 1 | X5: 16187 | Y5: 177 | Z5: 22132 | AA5: 0.305 | AB5: 1007 | AC5: 0.21319444 | AD5: 1 | AE5: 2518 | AF5: 6 | AG5: 400 | AH5: 1 | AI5: 7
A6: 260515 | B6: 1 | C6: 天辉 | D6: 胜 | E6: 62 | F6: 猪猪 | G6: =VLOOKUP(F6,选手工资!$A:$T,10,FALSE) -> 6 | H6: 剧毒术士 | I6: 5 | J6: 18 | K6: 7 | L6: 11 | M6: 39 | N6: 0.742 | O6: 0.152 | P6: 13429 | Q6: 70 | R6: 2 | S6: 449 | T6: 546 | U6: 1 | V6: 1852 | W6: 0 | X6: 22022 | Y6: 4541 | Z6: 23886 | AA6: 0.369 | AB6: 1064 | AC6: 0.23055556 | AD6: 2 | AE6: 2393 | AF6: 5 | AG6: 800 | AH6: 0 | AI6: 3
A7: 260515 | B7: 1 | C7: 夜魇 | D7: 负 | E7: 27 | F7: 小孩 | G7: =VLOOKUP(F7,选手工资!$A:$T,10,FALSE) -> 8 | H7: 莉娜 | I7: 2 | J7: 19 | K7: 5 | L7: 8 | M7: 5 | N7: 0.37 | O7: 0.232 | P7: 15456 | Q7: 226 | R7: 7 | S7: 481 | T7: 614 | U7: 3 | V7: 0 | W7: 0 | X7: 17981 | Y7: 0 | Z7: 37120 | AA7: 0.361 | AB7: 1031 | AC7: 0.2125 | AD7: 8 | AE7: 4245 | AF7: 9 | AG7: 100 | AH7: 1 | AI7: 3
A8: 260515 | B8: 1 | C8: 夜魇 | D8: 负 | E8: 27 | F8: 郝哥 | G8: =VLOOKUP(F8,选手工资!$A:$T,10,FALSE) -> 8.5 | H8: 破晓辰星 | I8: 3 | J8: 20 | K8: 6 | L8: 13 | M8: 15 | N8: 0.778 | O8: 0.266 | P8: 12140 | Q8: 178 | R8: 5 | S8: 447 | T8: 647 | U8: 1 | V8: 3696 | W8: 0 | X8: 20637 | Y8: 0 | Z8: 51450 | AA8: 0.335 | AB8: 1821 | AC8: 0.32708333 | AD8: 4 | AE8: 3386 | AF8: 7 | AG8: 0 | AH8: 1 | AI8: 0
A9: 260515 | B9: 1 | C9: 夜魇 | D9: 负 | E9: 27 | F9: 机器人 | G9: =VLOOKUP(F9,选手工资!$A:$T,10,FALSE) -> 7 | H9: 虚空假面 | I9: 1 | J9: 20 | K9: 3 | L9: 7 | M9: 11 | N9: 0.519 | O9: 0.116 | P9: 15361 | Q9: 274 | R9: 5 | S9: 480 | T9: 686 | U9: 1 | V9: 0 | W9: 0 | X9: 9040 | Y9: 0 | Z9: 39935 | AA9: 0.306 | AB9: 1254 | AC9: 0.1875 | AD9: 10 | AE9: 3461 | AF9: 6 | AG9: 0 | AH9: 1 | AI9: 0
A10: 260515 | B10: 1 | C10: 夜魇 | D10: 负 | E10: 27 | F10: 老王 | G10: =VLOOKUP(F10,选手工资!$A:$T,10,FALSE) -> 2 | H10: 裂魂人 | I10: 4 | J10: 15 | K10: 7 | L10: 15 | M10: 15 | N10: 0.815 | O10: 0.202 | P10: 8945 | Q10: 36 | R10: 1 | S10: 323 | T10: 381 | U10: 1 | V10: 0 | W10: 0 | X10: 15686 | Y10: 0 | Z10: 46696 | AA10: 0.291 | AB10: 1316 | AC10: 0.32569444 | AD10: 7 | AE10: 2537 | AF10: 5 | AG10: 350 | AH10: 1 | AI10: 2
A11: 260515 | B11: 1 | C11: 夜魇 | D11: 负 | E11: 27 | F11: 坤坤 | G11: =VLOOKUP(F11,选手工资!$A:$T,10,FALSE) -> 4 | H11: 巫医 | I11: 5 | J11: 16 | K11: 5 | L11: 19 | M11: 13 | N11: 0.667 | O11: 0.184 | P11: 10352 | Q11: 21 | R11: 2 | S11: 359 | T11: 444 | U11: 2 | V11: 112 | W11: 0 | X11: 14267 | Y11: 0 | Z11: 38596 | AA11: 0.324 | AB11: 983 | AC11: 0.38680556 | AD11: 3 | AE11: 1872 | AF11: 4 | AG11: 500 | AH11: 1 | AI11: 10
A14: 比赛ID | B14: 8811779749
A15: 比赛时长 | B15: 33:56

Sheet 250515-2
A1: 日期 | B1: 场次 | C1: 阵营 | D1: 结果 | E1: 队伍击杀 | F1: 选手 | G1: 选手工资 | H1: 英雄 | I1: 位置 | J1: 等级 | K1: K | L1: D | M1: A | N1: 参战率 | O1: 输出占比 | P1: 财产 | Q1: 正补 | R1: 反补 | S1: GPM | T1: XPM | U1: 赏金神符 | V1: 治疗 | W1: 前哨 | X1: 英雄伤害 | Y1: 建筑伤害 | Z1: 承伤减免前 | AA1: 伤害减免比例 | AB1: 死亡损失金钱 | AC1: 死亡时间 | AD1: 挑选顺位 | AE1: 10分钟财产 | AF1: 10分钟等级 | AG1: 辅助道具金钱 | AH1: 堆野数 | AI1: 反眼数
A2: 260515 | B2: 2 | C2: 天辉 | D2: 负 | E2: 18 | F2: 小孩 | G2: =VLOOKUP(F2,选手工资!$A:$T,10,FALSE) -> 8 | H2: 光之守卫 | I2: 2 | J2: 18 | K2: 8 | L2: 5 | M2: 6 | N2: 0.778 | O2: 0.375 | P2: 18004 | Q2: 221 | R2: 5 | S2: 499 | T2: 498 | U2: 1 | V2: 4936 | W2: 1 | X2: 34973 | Y2: 488 | Z2: 33159 | AA2: 0.265 | AB2: 867 | AC2: 0.13402778 | AD2: 9 | AE2: 4433 | AF2: 8 | AG2: 0 | AH2: 1 | AI2: 1
A3: 260515 | B3: 2 | C3: 天辉 | D3: 负 | E3: 18 | F3: 坤坤 | G3: =VLOOKUP(F3,选手工资!$A:$T,10,FALSE) -> 4 | H3: 虚空假面 | I3: 1 | J3: 21 | K3: 2 | L3: 7 | M3: 5 | N3: 0.389 | O3: 0.139 | P3: 16541 | Q3: 342 | R3: 13 | S3: 502 | T3: 644 | U3: 3 | V3: 0 | W3: 0 | X3: 12994 | Y3: 93 | Z3: 58934 | AA3: 0.379 | AB3: 2210 | AC3: 0.25 | AD3: 5 | AE3: 3815 | AF3: 7 | AG3: 0 | AH3: 3 | AI3: 0
A4: 260515 | B4: 2 | C4: 天辉 | D4: 负 | E4: 18 | F4: 机器猫 | G4: =VLOOKUP(F4,选手工资!$A:$T,10,FALSE) -> 5 | H4: 巨牙海民 | I4: 3 | J4: 17 | K4: 0 | L4: 11 | M4: 7 | N4: 0.389 | O4: 0.146 | P4: 10293 | Q4: 161 | R4: 6 | S4: 335 | T4: 468 | U4: 2 | V4: 0 | W4: 0 | X4: 13590 | Y4: 251 | Z4: 46826 | AA4: 0.319 | AB4: 1982 | AC4: 0.30277778 | AD4: 2 | AE4: 2988 | AF4: 6 | AG4: 0 | AH4: 1 | AI4: 0
A5: 260515 | B5: 2 | C5: 天辉 | D5: 负 | E5: 18 | F5: cac | G5: =VLOOKUP(F5,选手工资!$A:$T,10,FALSE) -> 5.5 | H5: 克林克兹 | I5: 4 | J5: 19 | K5: 3 | L5: 11 | M5: 4 | N5: 0.389 | O5: 0.183 | P5: 9353 | Q5: 215 | R5: 0 | S5: 439 | T5: 551 | U5: 3 | V5: 0 | W5: 0 | X5: 17035 | Y5: 1275 | Z5: 31901 | AA5: 0.324 | AB5: 1681 | AC5: 0.25972222 | AD5: 1 | AE5: 2486 | AF5: 5 | AG5: 200 | AH5: 3 | AI5: 0
A6: 260515 | B6: 2 | C6: 天辉 | D6: 负 | E6: 18 | F6: 胖蟹 | G6: =VLOOKUP(F6,选手工资!$A:$T,10,FALSE) -> 2 | H6: 沉默术士 | I6: 5 | J6: 14 | K6: 4 | L6: 12 | M6: 11 | N6: 0.833 | O6: 0.157 | P6: 7345 | Q6: 17 | R6: 3 | S6: 271 | T6: 325 | U6: 0 | V6: 0 | W6: 1 | X6: 14627 | Y6: 74 | Z6: 28396 | AA6: 0.308 | AB6: 1108 | AC6: 0.30486111 | AD6: 6 | AE6: 1902 | AF6: 5 | AG6: 850 | AH6: 0 | AI6: 5
A7: 260515 | B7: 2 | C7: 夜魇 | D7: 胜 | E7: 46 | F7: 老板 | G7: =VLOOKUP(F7,选手工资!$A:$T,10,FALSE) -> 4 | H7: 瘟疫法师 | I7: 2 | J7: 24 | K7: 11 | L7: 2 | M7: 17 | N7: 0.609 | O7: 0.199 | P7: 22471 | Q7: 270 | R7: 4 | S7: 612 | T7: 859 | U7: 2 | V7: 13821 | W7: 1 | X7: 27398 | Y7: 3197 | Z7: 40716 | AA7: 0.494 | AB7: 514 | AC7: 0.065972222 | AD7: 3 | AE7: 5269 | AF7: 9 | AG7: 0 | AH7: 0 | AI7: 0
A8: 260515 | B8: 2 | C8: 夜魇 | D8: 胜 | E8: 46 | F8: 机器人 | G8: =VLOOKUP(F8,选手工资!$A:$T,10,FALSE) -> 7 | H8: 幽鬼 | I8: 1 | J8: 25 | K8: 21 | L8: 2 | M8: 10 | N8: 0.674 | O8: 0.422 | P8: 32245 | Q8: 359 | R8: 15 | S8: 767 | T8: 934 | U8: 1 | V8: 0 | W8: 0 | X8: 57929 | Y8: 9669 | Z8: 27379 | AA8: 0.472 | AB8: 704 | AC8: 0.077083333 | AD8: 10 | AE8: 5388 | AF8: 7 | AG8: 160 | AH8: 1 | AI8: 0
A9: 260515 | B9: 2 | C9: 夜魇 | D9: 胜 | E9: 46 | F9: 老虎 | G9: =VLOOKUP(F9,选手工资!$A:$T,10,FALSE) -> 6 | H9: 斯拉达 | I9: 3 | J9: 23 | K9: 9 | L9: 3 | M9: 22 | N9: 0.674 | O9: 0.224 | P9: 17780 | Q9: 148 | R9: 3 | S9: 490 | T9: 804 | U9: 2 | V9: 0 | W9: 1 | X9: 30729 | Y9: 1271 | Z9: 42497 | AA9: 0.382 | AB9: 562 | AC9: 0.092361111 | AD9: 7 | AE9: 3357 | AF9: 6 | AG9: 80 | AH9: 0 | AI9: 0
A10: 260515 | B10: 2 | C10: 夜魇 | D10: 胜 | E10: 46 | F10: 猪猪 | G10: =VLOOKUP(F10,选手工资!$A:$T,10,FALSE) -> 6 | H10: 寒冬飞龙 | I10: 5 | J10: 19 | K10: 0 | L10: 6 | M10: 27 | N10: 0.587 | O10: 0.081 | P10: 9553 | Q10: 34 | R10: 5 | S10: 303 | T10: 538 | U10: 3 | V10: 8371 | W10: 0 | X10: 11082 | Y10: 388 | Z10: 28584 | AA10: 0.402 | AB10: 574 | AC10: 0.15 | AD10: 4 | AE10: 1869 | AF10: 6 | AG10: 1010 | AH10: 1 | AI10: 5
A11: 260515 | B11: 2 | C11: 夜魇 | D11: 胜 | E11: 46 | F11: 小刘 | G11: =VLOOKUP(F11,选手工资!$A:$T,10,FALSE) -> 1 | H11: 拉比克 | I11: 4 | J11: 19 | K11: 4 | L11: 5 | M11: 18 | N11: 0.478 | O11: 0.075 | P11: 11164 | Q11: 80 | R11: 0 | S11: 331 | T11: 540 | U11: 2 | V11: 2943 | W11: 1 | X11: 10288 | Y11: 494 | Z11: 24609 | AA11: 0.399 | AB11: 312 | AC11: 0.095833333 | AD11: 8 | AE11: 2244 | AF11: 5 | AG11: 550 | AH11: 1 | AI11: 5
A14: 比赛ID | B14: 8811844508
A15: 比赛时长 | B15: 36:59

Sheet 250515-3
A1: 日期 | B1: 场次 | C1: 阵营 | D1: 结果 | E1: 队伍击杀 | F1: 选手 | G1: 选手工资 | H1: 英雄 | I1: 位置 | J1: 等级 | K1: K | L1: D | M1: A | N1: 参战率 | O1: 输出占比 | P1: 财产 | Q1: 正补 | R1: 反补 | S1: GPM | T1: XPM | U1: 赏金神符 | V1: 治疗 | W1: 前哨 | X1: 英雄伤害 | Y1: 建筑伤害 | Z1: 承伤减免前 | AA1: 伤害减免比例 | AB1: 死亡损失金钱 | AC1: 死亡时间 | AD1: 挑选顺位 | AE1: 10分钟财产 | AF1: 10分钟等级 | AG1: 辅助道具金钱 | AH1: 堆野数 | AI1: 反眼数
A2: 260515 | B2: 3 | C2: 天辉 | D2: 负 | E2: 31 | F2: 博洋 | G2: =VLOOKUP(F2,选手工资!$A:$T,10,FALSE) -> 6.5 | H2: 编织者 | I2: 1 | J2: 23 | K2: 6 | L2: 7 | M2: 5 | N2: 0.355 | O2: 0.158 | P2: 17501 | Q2: 372 | R2: 8 | S2: 575 | T2: 798 | U2: 2 | V2: 0 | W2: 0 | X2: 16438 | Y2: 3308 | Z2: 36234 | AA2: 0.38 | AB2: 2200 | AC2: 0.22013889 | AD2: 6 | AE2: 4560 | AF2: 8 | AG2: 0 | AH2: 1 | AI2: 1
A3: 260515 | B3: 3 | C3: 天辉 | D3: 负 | E3: 31 | F3: ldxy | G3: =VLOOKUP(F3,选手工资!$A:$T,10,FALSE) -> 5 | H3: 龙骑士 | I3: 2 | J3: 18 | K3: 2 | L3: 9 | M3: 2 | N3: 0.129 | O3: 0.141 | P3: 13042 | Q3: 247 | R3: 17 | S3: 421 | T3: 513 | U3: 4 | V3: 0 | W3: 0 | X3: 14702 | Y3: 2950 | Z3: 68156 | AA3: 0.475 | AB3: 1883 | AC3: 0.28888889 | AD3: 9 | AE3: 3501 | AF3: 8 | AG3: 50 | AH3: 1 | AI3: 0
A4: 260515 | B4: 3 | C4: 天辉 | D4: 负 | E4: 31 | F4: 教练 | G4: =VLOOKUP(F4,选手工资!$A:$T,10,FALSE) -> 5 | H4: 冥界亚龙 | I4: 3 | J4: 17 | K4: 10 | L4: 11 | M4: 7 | N4: 0.548 | O4: 0.203 | P4: 10965 | Q4: 146 | R4: 24 | S4: 386 | T4: 437 | U4: 2 | V4: 0 | W4: 0 | X4: 21134 | Y4: 173 | Z4: 49254 | AA4: 0.473 | AB4: 2298 | AC4: 0.30555556 | AD4: 5 | AE4: 4161 | AF4: 6 | AG4: 0 | AH4: 0 | AI4: 0
A5: 260515 | B5: 3 | C5: 天辉 | D5: 负 | E5: 31 | F5: cac | G5: =VLOOKUP(F5,选手工资!$A:$T,10,FALSE) -> 5.5 | H5: 电炎绝手 | I5: 5 | J5: 16 | K5: 6 | L5: 8 | M5: 9 | N5: 0.484 | O5: 0.205 | P5: 11625 | Q5: 102 | R5: 4 | S5: 362 | T5: 411 | U5: 4 | V5: 1125 | W5: 0 | X5: 21294 | Y5: 125 | Z5: 29578 | AA5: 0.328 | AB5: 1099 | AC5: 0.24027778 | AD5: 1 | AE5: 2655 | AF5: 6 | AG5: 750 | AH5: 2 | AI5: 8
A6: 260515 | B6: 3 | C6: 天辉 | D6: 负 | E6: 31 | F6: 老板 | G6: =VLOOKUP(F6,选手工资!$A:$T,10,FALSE) -> 4 | H6: 工程师 | I6: 4 | J6: 16 | K6: 6 | L6: 15 | M6: 12 | N6: 0.581 | O6: 0.292 | P6: 10178 | Q6: 40 | R6: 3 | S6: 311 | T6: 403 | U6: 0 | V6: 0 | W6: 0 | X6: 30391 | Y6: 169 | Z6: 30611 | AA6: 0.375 | AB6: 1280 | AC6: 0.37777778 | AD6: 2 | AE6: 2655 | AF6: 6 | AG6: 300 | AH6: 0 | AI6: 1
A7: 260515 | B7: 3 | C7: 夜魇 | D7: 胜 | E7: 50 | F7: xian | G7: =VLOOKUP(F7,选手工资!$A:$T,10,FALSE) -> 10.5 | H7: 森海飞霞 | I7: 2 | J7: 26 | K7: 16 | L7: 3 | M7: 28 | N7: 0.88 | O7: 0.37 | P7: 27252 | Q7: 268 | R7: 12 | S7: 760 | T7: 1173 | U7: 3 | V7: 106 | W7: 0 | X7: 45603 | Y7: 10094 | Z7: 28125 | AA7: 0.416 | AB7: 427 | AC7: 0.075694444 | AD7: 7 | AE7: 3485 | AF7: 7 | AG7: 180 | AH7: 1 | AI7: 3
A8: 260515 | B8: 3 | C8: 夜魇 | D8: 胜 | E8: 50 | F8: D | G8: =VLOOKUP(F8,选手工资!$A:$T,10,FALSE) -> 6.5 | H8: 兽 | I8: 3 | J8: 22 | K8: 7 | L8: 4 | M8: 30 | N8: 0.74 | O8: 0.221 | P8: 20418 | Q8: 211 | R8: 3 | S8: 585 | T8: 771 | U8: 1 | V8: 0 | W8: 0 | X8: 27205 | Y8: 4690 | Z8: 66294 | AA8: 0.51 | AB8: 302 | AC8: 0.069444444 | AD8: 10 | AE8: 3508 | AF8: 6 | AG8: 80 | AH8: 2 | AI8: 0
A9: 260515 | B9: 3 | C9: 夜魇 | D9: 胜 | E9: 50 | F9: valar | G9: =VLOOKUP(F9,选手工资!$A:$T,10,FALSE) -> 5.5 | H9: 幽鬼 | I9: 1 | J9: 25 | K9: 18 | L9: 5 | M9: 17 | N9: 0.7 | O9: 0.283 | P9: 26641 | Q9: 297 | R9: 4 | S9: 740 | T9: 1020 | U9: 2 | V9: 0 | W9: 0 | X9: 34927 | Y9: 15591 | Z9: 36056 | AA9: 0.394 | AB9: 317 | AC9: 0.086805556 | AD9: 8 | AE9: 3189 | AF9: 5 | AG9: 130 | AH9: 1 | AI9: 3
A10: 260515 | B10: 3 | C10: 夜魇 | D10: 胜 | E10: 50 | F10: xinq | G10: =VLOOKUP(F10,选手工资!$A:$T,10,FALSE) -> 2.5 | H10: 莱恩 | I10: 4 | J10: 18 | K10: 5 | L10: 10 | M10: 21 | N10: 0.52 | O10: 0.088 | P10: 11110 | Q10: 26 | R10: 2 | S10: 383 | T10: 509 | U10: 1 | V10: 0 | W10: 1 | X10: 10818 | Y10: 14 | Z10: 21349 | AA10: 0.32 | AB10: 946 | AC10: 0.20555556 | AD10: 4 | AE10: 1714 | AF10: 6 | AG10: 1240 | AH10: 1 | AI10: 6
A11: 260515 | B11: 3 | C11: 夜魇 | D11: 胜 | E11: 50 | F11: 之后 | G11: =VLOOKUP(F11,选手工资!$A:$T,10,FALSE) -> 2 | H11: 全能骑士 | I11: 5 | J11: 19 | K11: 3 | L11: 9 | M11: 21 | N11: 0.48 | O11: 0.038 | P11: 11528 | Q11: 19 | R11: 1 | S11: 336 | T11: 533 | U11: 1 | V11: 11111 | W11: 0 | X11: 4667 | Y11: 424 | Z11: 28526 | AA11: 0.343 | AB11: 617 | AC11: 0.17708333 | AD11: 3 | AE11: 1562 | AF11: 4 | AG11: 400 | AH11: 0 | AI11: 4
A14: 比赛ID | B14: 8811921772
A15: 比赛时长 | B15: 36:48

Sheet 250515-4
A1: 日期 | B1: 场次 | C1: 阵营 | D1: 结果 | E1: 队伍击杀 | F1: 选手 | G1: 选手工资 | H1: 英雄 | I1: 位置 | J1: 等级 | K1: K | L1: D | M1: A | N1: 参战率 | O1: 输出占比 | P1: 财产 | Q1: 正补 | R1: 反补 | S1: GPM | T1: XPM | U1: 赏金神符 | V1: 治疗 | W1: 前哨 | X1: 英雄伤害 | Y1: 建筑伤害 | Z1: 承伤减免前 | AA1: 伤害减免比例 | AB1: 死亡损失金钱 | AC1: 死亡时间 | AD1: 挑选顺位 | AE1: 10分钟财产 | AF1: 10分钟等级 | AG1: 辅助道具金钱 | AH1: 堆野数 | AI1: 反眼数
A2: 260515 | B2: 4 | C2: 天辉 | D2: 胜 | E2: 36 | F2: 马忠 | G2: =VLOOKUP(F2,选手工资!$A:$T,10,FALSE) -> 9.5 | H2: 石鳞剑士 | I2: 3 | J2: 23 | K2: 8 | L2: 3 | M2: 15 | N2: 0.639 | O2: 0.26 | P2: 20869 | Q2: 287 | R2: 11 | S2: 604 | T2: 827 | U2: 0 | V2: 0 | W2: 0 | X2: 24034 | Y2: 2719 | Z2: 35134 | AA2: 0.598 | AB2: 466 | AC2: 0.086805556 | AD2: 5 | AE2: 4227 | AF2: 8 | AG2: 0 | AH2: 2 | AI2: 1
A3: 260515 | B3: 4 | C3: 天辉 | D3: 胜 | E3: 36 | F3: D | G3: =VLOOKUP(F3,选手工资!$A:$T,10,FALSE) -> 6.5 | H3: 斯拉达 | I3: 2 | J3: 23 | K3: 11 | L3: 3 | M3: 14 | N3: 0.694 | O3: 0.279 | P3: 19150 | Q3: 199 | R3: 3 | S3: 555 | T3: 845 | U3: 8 | V3: 0 | W3: 1 | X3: 25786 | Y3: 1278 | Z3: 42047 | AA3: 0.448 | AB3: 340 | AC3: 0.079166667 | AD3: 6 | AE3: 3513 | AF3: 8 | AG3: 100 | AH3: 0 | AI3: 1
A4: 260515 | B4: 4 | C4: 天辉 | D4: 胜 | E4: 36 | F4: 机器人 | G4: =VLOOKUP(F4,选手工资!$A:$T,10,FALSE) -> 7 | H4: 露娜 | I4: 1 | J4: 24 | K4: 8 | L4: 4 | M4: 9 | N4: 0.472 | O4: 0.199 | P4: 25843 | Q4: 462 | R4: 9 | S4: 761 | T4: 921 | U4: 1 | V4: 0 | W4: 0 | X4: 18374 | Y4: 9857 | Z4: 18282 | AA4: 0.404 | AB4: 324 | AC4: 0.066666667 | AD4: 9 | AE4: 3481 | AF4: 6 | AG4: 0 | AH4: 5 | AI4: 0
A5: 260515 | B5: 4 | C5: 天辉 | D5: 胜 | E5: 36 | F5: 教练 | G5: =VLOOKUP(F5,选手工资!$A:$T,10,FALSE) -> 5 | H5: 森海飞霞 | I5: 4 | J5: 19 | K5: 6 | L5: 4 | M5: 20 | N5: 0.722 | O5: 0.154 | P5: 15427 | Q5: 93 | R5: 1 | S5: 416 | T5: 593 | U5: 1 | V5: 960 | W5: 0 | X5: 14287 | Y5: 523 | Z5: 13960 | AA5: 0.382 | AB5: 221 | AC5: 0.072222222 | AD5: 1 | AE5: 2362 | AF5: 5 | AG5: 900 | AH5: 0 | AI5: 7
A6: 260515 | B6: 4 | C6: 天辉 | D6: 胜 | E6: 36 | F6: 之后 | G6: =VLOOKUP(F6,选手工资!$A:$T,10,FALSE) -> 2 | H6: 水晶室女 | I6: 5 | J6: 19 | K6: 3 | L6: 5 | M6: 11 | N6: 0.389 | O6: 0.108 | P6: 7217 | Q6: 52 | R6: 2 | S6: 323 | T6: 562 | U6: 1 | V6: 0 | W6: 0 | X6: 10000 | Y6: 403 | Z6: 15048 | AA6: 0.415 | AB6: 212 | AC6: 0.085416667 | AD6: 2 | AE6: 1667 | AF6: 5 | AG6: 750 | AH6: 1 | AI6: 5
A7: 260515 | B7: 4 | C7: 夜魇 | D7: 负 | E7: 18 | F7: 老板 | G7: =VLOOKUP(F7,选手工资!$A:$T,10,FALSE) -> 4 | H7: 瘟疫法师 | I7: 2 | J7: 18 | K7: 6 | L7: 6 | M7: 4 | N7: 0.556 | O7: 0.27 | P7: 13758 | Q7: 200 | R7: 6 | S7: 426 | T7: 517 | U7: 0 | V7: 4348 | W7: 0 | X7: 17816 | Y7: 794 | Z7: 29967 | AA7: 0.234 | AB7: 1232 | AC7: 0.21041667 | AD7: 8 | AE7: 4636 | AF7: 8 | AG7: 100 | AH7: 1 | AI7: 2
A8: 260515 | B8: 4 | C8: 夜魇 | D8: 负 | E8: 18 | F8: ldxy | G8: =VLOOKUP(F8,选手工资!$A:$T,10,FALSE) -> 5 | H8: 巨魔战将 | I8: 1 | J8: 22 | K8: 2 | L8: 6 | M8: 1 | N8: 0.167 | O8: 0.18 | P8: 20646 | Q8: 455 | R8: 12 | S8: 611 | T8: 791 | U8: 1 | V8: 0 | W8: 0 | X8: 11864 | Y8: 0 | Z8: 40216 | AA8: 0.502 | AB8: 1600 | AC8: 0.18194444 | AD8: 10 | AE8: 3725 | AF8: 7 | AG8: 0 | AH8: 2 | AI8: 0
A9: 260515 | B9: 4 | C9: 夜魇 | D9: 负 | E9: 18 | F9: 小孩 | G9: =VLOOKUP(F9,选手工资!$A:$T,10,FALSE) -> 8 | H9: 破晓辰星 | I9: 3 | J9: 18 | K9: 4 | L9: 6 | M9: 7 | N9: 0.611 | O9: 0.215 | P9: 16082 | Q9: 269 | R9: 21 | S9: 474 | T9: 530 | U9: 1 | V9: 2014 | W9: 1 | X9: 14201 | Y9: 560 | Z9: 39425 | AA9: 0.433 | AB9: 896 | AC9: 0.14652778 | AD9: 3 | AE9: 4511 | AF9: 6 | AG9: 0 | AH9: 0 | AI9: 1
A10: 260515 | B10: 4 | C10: 夜魇 | D10: 负 | E10: 18 | F10: xinq | G10: =VLOOKUP(F10,选手工资!$A:$T,10,FALSE) -> 2.5 | H10: 沉默术士 | I10: 4 | J10: 16 | K10: 3 | L10: 6 | M10: 10 | N10: 0.722 | O10: 0.169 | P10: 9298 | Q10: 83 | R10: 2 | S10: 342 | T10: 414 | U10: 3 | V10: 0 | W10: 0 | X10: 11137 | Y10: 207 | Z10: 13154 | AA10: 0.221 | AB10: 983 | AC10: 0.13611111 | AD10: 4 | AE10: 2061 | AF10: 6 | AG10: 550 | AH10: 4 | AI10: 7
A11: 260515 | B11: 4 | C11: 夜魇 | D11: 负 | E11: 18 | F11: xian | G11: =VLOOKUP(F11,选手工资!$A:$T,10,FALSE) -> 10.5 | H11: 拉比克 | I11: 5 | J11: 15 | K11: 2 | L11: 12 | M11: 6 | N11: 0.444 | O11: 0.166 | P11: 9234 | Q11: 79 | R11: 3 | S11: 297 | T11: 355 | U11: 4 | V11: 0 | W11: 0 | X11: 10990 | Y11: 14 | Z11: 24388 | AA11: 0.306 | AB11: 918 | AC11: 0.24513889 | AD11: 7 | AE11: 1631 | AF11: 5 | AG11: 1050 | AH11: 4 | AI11: 6
A14: 比赛ID | B14: 8811993838
A15: 比赛时长 | B15: 35:55

Sheet 260515-5
A1: 日期 | B1: 场次 | C1: 阵营 | D1: 结果 | E1: 队伍击杀 | F1: 选手 | G1: 选手工资 | H1: 英雄 | I1: 位置 | J1: 等级 | K1: K | L1: D | M1: A | N1: 参战率 | O1: 输出占比 | P1: 财产 | Q1: 正补 | R1: 反补 | S1: GPM | T1: XPM | U1: 赏金神符 | V1: 治疗 | W1: 前哨 | X1: 英雄伤害 | Y1: 建筑伤害 | Z1: 承伤减免前 | AA1: 伤害减免比例 | AB1: 死亡损失金钱 | AC1: 死亡时间 | AD1: 挑选顺位 | AE1: 10分钟财产 | AF1: 10分钟等级 | AG1: 辅助道具金钱 | AH1: 堆野数 | AI1: 反眼数
A2: 260515 | B2: 5 | C2: 天辉 | D2: 胜 | E2: 45 | F2: ldxy | G2: =VLOOKUP(F2,选手工资!$A:$T,10,FALSE) -> 5 | H2: 灰烬之灵 | I2: 2 | J2: 22 | K2: 14 | L2: 5 | M2: 19 | N2: 0.733 | O2: 0.274 | P2: 29401 | Q2: 229 | R2: 7 | S2: 618 | T2: 818 | U2: 5 | V2: 106 | W2: 0 | X2: 34892 | Y2: 881 | Z2: 37431 | AA2: 0.541 | AB2: 921 | AC2: 0.14375 | AD2: 5 | AE2: 4022 | AF2: 8 | AG2: 290 | AH2: 1 | AI2: 0
A3: 260515 | B3: 5 | C3: 天辉 | D3: 胜 | E3: 45 | F3: 小孩 | G3: =VLOOKUP(F3,选手工资!$A:$T,10,FALSE) -> 8 | H3: 美杜莎 | I3: 1 | J3: 26 | K3: 11 | L3: 0 | M3: 17 | N3: 0.622 | O3: 0.289 | P3: 30318 | Q3: 581 | R3: 15 | S3: 896 | T3: 1229 | U3: 4 | V3: 0 | W3: 0 | X3: 36746 | Y3: 9514 | Z3: 19754 | AA3: 0.943 | AB3: 0 | AC3: 0 | AD3: 6 | AE3: 4387 | AF3: 7 | AG3: 0 | AH3: 6 | AI3: 0
A4: 260515 | B4: 5 | C4: 天辉 | D4: 胜 | E4: 45 | F4: 机器人 | G4: =VLOOKUP(F4,选手工资!$A:$T,10,FALSE) -> 7 | H4: 潮汐猎人 | I4: 3 | J4: 21 | K4: 6 | L4: 9 | M4: 13 | N4: 0.422 | O4: 0.135 | P4: 15160 | Q4: 202 | R4: 12 | S4: 492 | T4: 731 | U4: 0 | V4: 0 | W4: 0 | X4: 17189 | Y4: 30 | Z4: 57406 | AA4: 0.593 | AB4: 1638 | AC4: 0.24236111 | AD4: 9 | AE4: 4004 | AF4: 7 | AG4: 0 | AH4: 1 | AI4: 0
A5: 260515 | B5: 5 | C5: 天辉 | D5: 胜 | E5: 45 | F5: D | G5: =VLOOKUP(F5,选手工资!$A:$T,10,FALSE) -> 6.5 | H5: 发条技师 | I5: 4 | J5: 18 | K5: 4 | L5: 10 | M5: 31 | N5: 0.778 | O5: 0.162 | P5: 8011 | Q5: 31 | R5: 0 | S5: 322 | T5: 537 | U5: 4 | V5: 0 | W5: 1 | X5: 20636 | Y5: 0 | Z5: 29478 | AA5: 0.328 | AB5: 1128 | AC5: 0.20277778 | AD5: 1 | AE5: 2166 | AF5: 5 | AG5: 1000 | AH5: 0 | AI5: 7
A6: 260515 | B6: 5 | C6: 天辉 | D6: 胜 | E6: 45 | F6: 阵容 | G6: =VLOOKUP(F6,选手工资!$A:$T,10,FALSE) -> 4.5 | H6: 帕吉 | I6: 5 | J6: 18 | K6: 9 | L6: 9 | M6: 14 | N6: 0.511 | O6: 0.14 | P6: 11765 | Q6: 96 | R6: 1 | S6: 399 | T6: 562 | U6: 1 | V6: 0 | W6: 0 | X6: 17858 | Y6: 0 | Z6: 35303 | AA6: 0.428 | AB6: 961 | AC6: 0.20555556 | AD6: 2 | AE6: 2527 | AF6: 5 | AG6: 430 | AH6: 1 | AI6: 4
A7: 260515 | B7: 5 | C7: 夜魇 | D7: 负 | E7: 33 | F7: xian | G7: =VLOOKUP(F7,选手工资!$A:$T,10,FALSE) -> 10.5 | H7: 风暴之灵 | I7: 2 | J7: 22 | K7: 14 | L7: 8 | M7: 12 | N7: 0.788 | O7: 0.378 | P7: 15784 | Q7: 242 | R7: 15 | S7: 569 | T7: 781 | U7: 2 | V7: 0 | W7: 0 | X7: 30893 | Y7: 0 | Z7: 51446 | AA7: 0.454 | AB7: 1479 | AC7: 0.24236111 | AD7: 3 | AE7: 4603 | AF7: 8 | AG7: 80 | AH7: 1 | AI7: 0
A8: 260515 | B8: 5 | C8: 夜魇 | D8: 负 | E8: 33 | F8: 老板 | G8: =VLOOKUP(F8,选手工资!$A:$T,10,FALSE) -> 4 | H8: 虚空假面 | I8: 1 | J8: 19 | K8: 2 | L8: 7 | M8: 12 | N8: 0.424 | O8: 0.074 | P8: 13562 | Q8: 222 | R8: 8 | S8: 426 | T8: 615 | U8: 2 | V8: 125 | W8: 0 | X8: 6066 | Y8: 758 | Z8: 32914 | AA8: 0.381 | AB8: 1049 | AC8: 0.21805556 | AD8: 7 | AE8: 3886 | AF8: 7 | AG8: 0 | AH8: 0 | AI8: 0
A9: 260515 | B9: 5 | C9: 夜魇 | D9: 负 | E9: 33 | F9: 马忠 | G9: =VLOOKUP(F9,选手工资!$A:$T,10,FALSE) -> 9.5 | H9: 石鳞剑士 | I9: 3 | J9: 19 | K9: 6 | L9: 9 | M9: 19 | N9: 0.758 | O9: 0.305 | P9: 12658 | Q9: 159 | R9: 12 | S9: 475 | T9: 625 | U9: 0 | V9: 0 | W9: 0 | X9: 24930 | Y9: 660 | Z9: 75352 | AA9: 0.597 | AB9: 2120 | AC9: 0.21736111 | AD9: 10 | AE9: 3867 | AF9: 7 | AG9: 0 | AH9: 0 | AI9: 0
A10: 260515 | B10: 5 | C10: 夜魇 | D10: 负 | E10: 33 | F10: 小队 | G10: =VLOOKUP(F10,选手工资!$A:$T,10,FALSE) -> 2 | H10: 巫医 | I10: 4 | J10: 14 | K10: 6 | L10: 13 | M10: 16 | N10: 0.667 | O10: 0.137 | P10: 10437 | Q10: 14 | R10: 1 | S10: 302 | T10: 332 | U10: 0 | V10: 2583 | W10: 0 | X10: 11165 | Y10: 59 | Z10: 29860 | AA10: 0.406 | AB10: 1109 | AC10: 0.23611111 | AD10: 4 | AE10: 2390 | AF10: 4 | AG10: 430 | AH10: 1 | AI10: 2
A11: 260515 | B11: 5 | C11: 夜魇 | D11: 负 | E11: 33 | F11: valar | G11: =VLOOKUP(F11,选手工资!$A:$T,10,FALSE) -> 5.5 | H11: 不朽尸王 | I11: 5 | J11: 15 | K11: 4 | L11: 8 | M11: 20 | N11: 0.727 | O11: 0.105 | P11: 8046 | Q11: 52 | R11: 0 | S11: 287 | T11: 395 | U11: 1 | V11: 3765 | W11: 0 | X11: 8591 | Y11: 195 | Z11: 49507 | AA11: 0.379 | AB11: 754 | AC11: 0.11666667 | AD11: 8 | AE11: 2496 | AF11: 6 | AG11: 900 | AH11: 1 | AI11: 6
A14: 比赛ID | B14: 8812061742
A15: 比赛时长 | B15: 34:02

Sheet 260516-1
A1: 日期 | B1: 场次 | C1: 阵营 | D1: 结果 | E1: 队伍击杀 | F1: 选手 | G1: 选手工资 | H1: 英雄 | I1: 位置 | J1: 等级 | K1: K | L1: D | M1: A | N1: 参战率 | O1: 输出占比 | P1: 财产 | Q1: 正补 | R1: 反补 | S1: GPM | T1: XPM | U1: 赏金神符 | V1: 治疗 | W1: 前哨 | X1: 英雄伤害 | Y1: 建筑伤害 | Z1: 承伤减免前 | AA1: 伤害减免比例 | AB1: 死亡损失金钱 | AC1: 死亡时间 | AD1: 挑选顺位 | AE1: 10分钟财产 | AF1: 10分钟等级 | AG1: 辅助道具金钱 | AH1: 堆野数 | AI1: 反眼数
A2: 260516 | B2: 1 | C2: 天辉 | D2: 胜 | E2: 31 | F2: 小刘 | G2: =VLOOKUP(F2,选手工资!$A:$T,11,FALSE) -> 2 | H2: 冥界亚龙 | I2: 2 | J2: 24 | K2: 5 | L2: 7 | M2: 12 | N2: 0.548 | O2: 0.166 | P2: 20594 | Q2: 256 | R2: 11 | S2: 490 | T2: 726 | U2: 1 | V2: 0 | W2: 0 | X2: 21222 | Y2: 1564 | Z2: 50371 | AA2: 0.506 | AB2: 1352 | AC2: 0.22152778 | AD2: 9 | AE2: 3334 | AF2: 8 | AG2: 100 | AH2: 0 | AI2: 4
A3: 260516 | B3: 1 | C3: 天辉 | D3: 胜 | E3: 31 | F3: 记者 | G3: =VLOOKUP(F3,选手工资!$A:$T,11,FALSE) -> 3 | H3: 复仇之魂 | I3: 3 | J3: 27 | K3: 10 | L3: 11 | M3: 10 | N3: 0.645 | O3: 0.244 | P3: 25675 | Q3: 343 | R3: 12 | S3: 603 | T3: 1037 | U3: 2 | V3: 0 | W3: 1 | X3: 31208 | Y3: 7417 | Z3: 55971 | AA3: 0.519 | AB3: 2425 | AC3: 0.39305556 | AD3: 5 | AE3: 4026 | AF3: 7 | AG3: 0 | AH3: 0 | AI3: 1
A4: 260516 | B4: 1 | C4: 天辉 | D4: 胜 | E4: 31 | F4: 马忠 | G4: =VLOOKUP(F4,选手工资!$A:$T,11,FALSE) -> 9.5 | H4: 虚空假面 | I4: 1 | J4: 29 | K4: 7 | L4: 3 | M4: 20 | N4: 0.871 | O4: 0.341 | P4: 34780 | Q4: 500 | R4: 26 | S4: 774 | T4: 1225 | U4: 3 | V4: 0 | W4: 0 | X4: 43602 | Y4: 8158 | Z4: 94634 | AA4: 0.533 | AB4: 580 | AC4: 0.083333333 | AD4: 6 | AE4: 3641 | AF4: 6 | AG4: 100 | AH4: 0 | AI4: 2
A5: 260516 | B5: 1 | C5: 天辉 | D5: 胜 | E5: 31 | F5: 之后 | G5: =VLOOKUP(F5,选手工资!$A:$T,11,FALSE) -> 2.5 | H5: 巫妖 | I5: 5 | J5: 20 | K5: 7 | L5: 10 | M5: 11 | N5: 0.581 | O5: 0.159 | P5: 14711 | Q5: 61 | R5: 15 | S5: 358 | T5: 469 | U5: 3 | V5: 0 | W5: 2 | X5: 20338 | Y5: 51 | Z5: 38574 | AA5: 0.512 | AB5: 1516 | AC5: 0.29236111 | AD5: 1 | AE5: 1859 | AF5: 5 | AG5: 650 | AH5: 1 | AI5: 5
A6: 260516 | B6: 1 | C6: 天辉 | D6: 胜 | E6: 31 | F6: 猪猪 | G6: =VLOOKUP(F6,选手工资!$A:$T,11,FALSE) -> 6.5 | H6: 术士 | I6: 4 | J6: 20 | K6: 2 | L6: 13 | M6: 21 | N6: 0.742 | O6: 0.09 | P6: 13715 | Q6: 81 | R6: 3 | S6: 368 | T6: 484 | U6: 0 | V6: 10510 | W6: 1 | X6: 11448 | Y6: 3156 | Z6: 37858 | AA6: 0.416 | AB6: 957 | AC6: 0.29375 | AD6: 2 | AE6: 1492 | AF6: 4 | AG6: 900 | AH6: 1 | AI6: 3
A7: 260516 | B7: 1 | C7: 夜魇 | D7: 负 | E7: 44 | F7: 小孩 | G7: =VLOOKUP(F7,选手工资!$A:$T,11,FALSE) -> 7.5 | H7: 莉娜 | I7: 2 | J7: 26 | K7: 16 | L7: 3 | M7: 5 | N7: 0.477 | O7: 0.291 | P7: 25536 | Q7: 374 | R7: 20 | S7: 604 | T7: 878 | U7: 5 | V7: 0 | W7: 0 | X7: 39883 | Y7: 1686 | Z7: 39702 | AA7: 0.541 | AB7: 1815 | AC7: 0.20555556 | AD7: 10 | AE7: 4907 | AF7: 9 | AG7: 100 | AH7: 1 | AI7: 0
A8: 260516 | B8: 1 | C8: 夜魇 | D8: 负 | E8: 44 | F8: jin | G8: =VLOOKUP(F8,选手工资!$A:$T,11,FALSE) -> 6.5 | H8: 主宰 | I8: 1 | J8: 29 | K8: 19 | L8: 4 | M8: 8 | N8: 0.614 | O8: 0.314 | P8: 33620 | Q8: 551 | R8: 8 | S8: 779 | T8: 1244 | U8: 2 | V8: 7399 | W8: 0 | X8: 42964 | Y8: 3184 | Z8: 67425 | AA8: 0.58 | AB8: 2112 | AC8: 0.20555556 | AD8: 8 | AE8: 4713 | AF8: 7 | AG8: 0 | AH8: 0 | AI8: 0
A9: 260516 | B9: 1 | C9: 夜魇 | D9: 负 | E9: 44 | F9: 教练 | G9: =VLOOKUP(F9,选手工资!$A:$T,11,FALSE) -> 5 | H9: 孽主 | I9: 3 | J9: 23 | K9: 3 | L9: 9 | M9: 18 | N9: 0.477 | O9: 0.111 | P9: 15511 | Q9: 224 | R9: 14 | S9: 392 | T9: 640 | U9: 2 | V9: 0 | W9: 1 | X9: 15186 | Y9: 434 | Z9: 64359 | AA9: 0.384 | AB9: 2562 | AC9: 0.36805556 | AD9: 7 | AE9: 2789 | AF9: 6 | AG9: 80 | AH9: 1 | AI9: 2
A10: 260516 | B10: 1 | C10: 夜魇 | D10: 负 | E10: 44 | F10: 小队 | G10: =VLOOKUP(F10,选手工资!$A:$T,11,FALSE) -> 2 | H10: 巫医 | I10: 5 | J10: 21 | K10: 2 | L10: 8 | M10: 15 | N10: 0.386 | O10: 0.122 | P10: 11186 | Q10: 37 | R10: 1 | S10: 287 | T10: 530 | U10: 3 | V10: 3014 | W10: 0 | X10: 16762 | Y10: 0 | Z10: 39304 | AA10: 0.418 | AB10: 940 | AC10: 0.20277778 | AD10: 4 | AE10: 1831 | AF10: 5 | AG10: 930 | AH10: 1 | AI10: 7
A11: 260516 | B11: 1 | C11: 夜魇 | D11: 负 | E11: 44 | F11: xinq | G11: =VLOOKUP(F11,选手工资!$A:$T,11,FALSE) -> 2.5 | H11: 自然先知 | I11: 4 | J11: 20 | K11: 4 | L11: 7 | M11: 15 | N11: 0.432 | O11: 0.162 | P11: 13440 | Q11: 262 | R11: 3 | S11: 402 | T11: 471 | U11: 2 | V11: 125 | W11: 0 | X11: 22129 | Y11: 313 | Z11: 36292 | AA11: 0.484 | AB11: 1650 | AC11: 0.25625 | AD11: 3 | AE11: 1806 | AF11: 5 | AG11: 510 | AH11: 5 | AI11: 5
A14: 比赛ID | B14: 8813198599
A15: 比赛时长 | B15: 46:07

Sheet 260516-2
A1: 日期 | B1: 场次 | C1: 阵营 | D1: 结果 | E1: 队伍击杀 | F1: 选手 | G1: 选手工资 | H1: 英雄 | I1: 位置 | J1: 等级 | K1: K | L1: D | M1: A | N1: 参战率 | O1: 输出占比 | P1: 财产 | Q1: 正补 | R1: 反补 | S1: GPM | T1: XPM | U1: 赏金神符 | V1: 治疗 | W1: 前哨 | X1: 英雄伤害 | Y1: 建筑伤害 | Z1: 承伤减免前 | AA1: 伤害减免比例 | AB1: 死亡损失金钱 | AC1: 死亡时间 | AD1: 挑选顺位 | AE1: 10分钟财产 | AF1: 10分钟等级 | AG1: 辅助道具金钱 | AH1: 堆野数 | AI1: 反眼数
A2: 260516 | B2: 2 | C2: 天辉 | D2: 负 | E2: 40 | F2: D | G2: =VLOOKUP(F2,选手工资!$A:$T,11,FALSE) -> 7.5 | H2: 凯 | I2: 2 | J2: 29 | K2: 15 | L2: 9 | M2: 16 | N2: 0.775 | O2: 0.368 | P2: 28105 | Q2: 602 | R2: 9 | S2: 694 | T2: 1036 | U2: 0 | V2: 0 | W2: 3 | X2: 63325 | Y2: 171 | Z2: 101966 | AA2: 0.572 | AB2: 3166 | AC2: 0.32430556 | AD2: 6 | AE2: 4185 | AF2: 8 | AG2: 180 | AH2: 0 | AI2: 1
A3: 260516 | B3: 2 | C3: 天辉 | D3: 负 | E3: 40 | F3: 博洋 | G3: =VLOOKUP(F3,选手工资!$A:$T,11,FALSE) -> 6 | H3: 主宰 | I3: 1 | J3: 29 | K3: 12 | L3: 10 | M3: 12 | N3: 0.6 | O3: 0.269 | P3: 34851 | Q3: 596 | R3: 7 | S3: 665 | T3: 978 | U3: 2 | V3: 11552 | W3: 0 | X3: 46227 | Y3: 4757 | Z3: 95068 | AA3: 0.588 | AB3: 3173 | AC3: 0.27361111 | AD3: 9 | AE3: 3655 | AF3: 6 | AG3: 0 | AH3: 2 | AI3: 1
A4: 260516 | B4: 2 | C4: 天辉 | D4: 负 | E4: 40 | F4: 小孩 | G4: =VLOOKUP(F4,选手工资!$A:$T,11,FALSE) -> 7.5 | H4: 孽主 | I4: 3 | J4: 28 | K4: 8 | L4: 7 | M4: 25 | N4: 0.825 | O4: 0.141 | P4: 28318 | Q4: 465 | R4: 21 | S4: 569 | T4: 862 | U4: 1 | V4: 0 | W4: 1 | X4: 24205 | Y4: 0 | Z4: 95230 | AA4: 0.535 | AB4: 2610 | AC4: 0.26388889 | AD4: 5 | AE4: 4257 | AF4: 6 | AG4: 0 | AH4: 0 | AI4: 1
A5: 260516 | B5: 2 | C5: 天辉 | D5: 负 | E5: 40 | F5: valar | G5: =VLOOKUP(F5,选手工资!$A:$T,11,FALSE) -> 5.5 | H5: 天涯墨客 | I5: 4 | J5: 23 | K5: 3 | L5: 12 | M5: 26 | N5: 0.725 | O5: 0.088 | P5: 10140 | Q5: 66 | R5: 0 | S5: 282 | T5: 486 | U5: 2 | V5: 0 | W5: 1 | X5: 15161 | Y5: 0 | Z5: 47928 | AA5: 0.452 | AB5: 1760 | AC5: 0.34722222 | AD5: 2 | AE5: 2384 | AF5: 5 | AG5: 2000 | AH5: 6 | AI5: 13
A6: 260516 | B6: 2 | C6: 天辉 | D6: 负 | E6: 40 | F6: 猪猪 | G6: =VLOOKUP(F6,选手工资!$A:$T,11,FALSE) -> 6.5 | H6: 巫妖 | I6: 5 | J6: 22 | K6: 1 | L6: 22 | M6: 22 | N6: 0.575 | O6: 0.134 | P6: 11468 | Q6: 42 | R6: 18 | S6: 286 | T6: 455 | U6: 2 | V6: 0 | W6: 3 | X6: 23054 | Y6: 0 | Z6: 54765 | AA6: 0.41 | AB6: 1600 | AC6: 0.45 | AD6: 1 | AE6: 1286 | AF6: 5 | AG6: 1150 | AH6: 0 | AI6: 7
A7: 260516 | B7: 2 | C7: 夜魇 | D7: 胜 | E7: 59 | F7: 马忠 | G7: =VLOOKUP(F7,选手工资!$A:$T,11,FALSE) -> 9.5 | H7: 灰烬之灵 | I7: 2 | J7: 29 | K7: 10 | L7: 7 | M7: 28 | N7: 0.644 | O7: 0.292 | P7: 32749 | Q7: 463 | R7: 7 | S7: 673 | T7: 1072 | U7: 7 | V7: 1066 | W7: 1 | X7: 54186 | Y7: 3340 | Z7: 124946 | AA7: 0.628 | AB7: 3573 | AC7: 0.28472222 | AD7: 8 | AE7: 4108 | AF7: 8 | AG7: 0 | AH7: 0 | AI7: 2
A8: 260516 | B8: 2 | C8: 夜魇 | D8: 胜 | E8: 59 | F8: 教练 | G8: =VLOOKUP(F8,选手工资!$A:$T,11,FALSE) -> 5 | H8: 森海飞霞 | I8: 4 | J8: 26 | K8: 10 | L8: 6 | M8: 32 | N8: 0.712 | O8: 0.114 | P8: 17623 | Q8: 121 | R8: 3 | S8: 415 | T8: 697 | U8: 7 | V8: 1892 | W8: 2 | X8: 21246 | Y8: 984 | Z8: 44964 | AA8: 0.447 | AB8: 1271 | AC8: 0.16180556 | AD8: 3 | AE8: 2861 | AF8: 7 | AG8: 3100 | AH8: 1 | AI8: 16
A9: 260516 | B9: 2 | C9: 夜魇 | D9: 胜 | E9: 59 | F9: 关羽 | G9: =VLOOKUP(F9,选手工资!$A:$T,11,FALSE) -> 6.5 | H9: 熊战士 | I9: 1 | J9: 30 | K9: 26 | L9: 5 | M9: 5 | N9: 0.525 | O9: 0.312 | P9: 44072 | Q9: 610 | R9: 10 | S9: 836 | T9: 1088 | U9: 4 | V9: 0 | W9: 2 | X9: 57980 | Y9: 19141 | Z9: 96996 | AA9: 0.557 | AB9: 3024 | AC9: 0.25763889 | AD9: 10 | AE9: 4100 | AF9: 6 | AG9: 0 | AH9: 0 | AI9: 0
A10: 260516 | B10: 2 | C10: 夜魇 | D10: 胜 | E10: 59 | F10: xian | G10: =VLOOKUP(F10,选手工资!$A:$T,11,FALSE) -> 10 | H10: 石鳞剑士 | I10: 3 | J10: 29 | K10: 8 | L10: 11 | M10: 26 | N10: 0.576 | O10: 0.177 | P10: 34568 | Q10: 467 | R10: 15 | S10: 602 | T10: 973 | U10: 6 | V10: 0 | W10: 1 | X10: 32818 | Y10: 3088 | Z10: 80180 | AA10: 0.591 | AB10: 2878 | AC10: 0.35555556 | AD10: 4 | AE10: 5287 | AF10: 8 | AG10: 80 | AH10: 2 | AI10: 2
A11: 260516 | B11: 2 | C11: 夜魇 | D11: 胜 | E11: 59 | F11: 之后 | G11: =VLOOKUP(F11,选手工资!$A:$T,11,FALSE) -> 2.5 | H11: 撼地者 | I11: 5 | J11: 25 | K11: 4 | L11: 11 | M11: 19 | N11: 0.39 | O11: 0.105 | P11: 16271 | Q11: 112 | R11: 2 | S11: 325 | T11: 613 | U11: 1 | V11: 0 | W11: 2 | X11: 19432 | Y11: 1827 | Z11: 35053 | AA11: 0.29 | AB11: 1609 | AC11: 0.31388889 | AD11: 7 | AE11: 1820 | AF11: 5 | AG11: 630 | AH11: 1 | AI11: 4
A14: 比赛ID | B14: 8813280808
A15: 比赛时长 | B15: 59:46

Sheet 260516-3
A1: 日期 | B1: 场次 | C1: 阵营 | D1: 结果 | E1: 队伍击杀 | F1: 选手 | G1: 选手工资 | H1: 英雄 | I1: 位置 | J1: 等级 | K1: K | L1: D | M1: A | N1: 参战率 | O1: 输出占比 | P1: 财产 | Q1: 正补 | R1: 反补 | S1: GPM | T1: XPM | U1: 赏金神符 | V1: 治疗 | W1: 前哨 | X1: 英雄伤害 | Y1: 建筑伤害 | Z1: 承伤减免前 | AA1: 伤害减免比例 | AB1: 死亡损失金钱 | AC1: 死亡时间 | AD1: 挑选顺位 | AE1: 10分钟财产 | AF1: 10分钟等级 | AG1: 辅助道具金钱 | AH1: 堆野数 | AI1: 反眼数
A2: 260516 | B2: 3 | C2: 天辉 | D2: 胜 | E2: 26 | F2: D | G2: =VLOOKUP(F2,选手工资!$A:$T,11,FALSE) -> 7.5 | H2: 狼人 | I2: 2 | J2: 17 | K2: 13 | L2: 0 | M2: 6 | N2: 0.731 | O2: 0.356 | P2: 15192 | Q2: 155 | R2: 5 | S2: 688 | T2: 781 | U2: 1 | V2: 0 | W2: 1 | X2: 23559 | Y2: 5526 | Z2: 16237 | AA2: 0.344 | AB2: 0 | AC2: 0 | AD2: 9 | AE2: 4731 | AF2: 9 | AG2: 100 | AH2: 0 | AI2: 2
A3: 260516 | B3: 3 | C3: 天辉 | D3: 胜 | E3: 26 | F3: 关羽 | G3: =VLOOKUP(F3,选手工资!$A:$T,11,FALSE) -> 6.5 | H3: 伐木机 | I3: 3 | J3: 15 | K3: 5 | L3: 4 | M3: 6 | N3: 0.423 | O3: 0.241 | P3: 10805 | Q3: 158 | R3: 7 | S3: 488 | T3: 611 | U3: 0 | V3: 0 | W3: 0 | X3: 15907 | Y3: 196 | Z3: 24865 | AA3: 0.436 | AB3: 353 | AC3: 0.073611111 | AD3: 6 | AE3: 3931 | AF3: 7 | AG3: 0 | AH3: 0 | AI3: 0
A4: 260516 | B4: 3 | C4: 天辉 | D4: 胜 | E4: 26 | F4: xian | G4: =VLOOKUP(F4,选手工资!$A:$T,11,FALSE) -> 10 | H4: 幽鬼 | I4: 1 | J4: 13 | K4: 3 | L4: 1 | M4: 8 | N4: 0.423 | O4: 0.198 | P4: 11175 | Q4: 175 | R4: 11 | S4: 501 | T4: 495 | U4: 5 | V4: 0 | W4: 0 | X4: 13059 | Y4: 300 | Z4: 9143 | AA4: 0.422 | AB4: 18 | AC4: 0.0090277778 | AD4: 5 | AE4: 3686 | AF4: 6 | AG4: 0 | AH4: 1 | AI4: 1
A5: 260516 | B5: 3 | C5: 天辉 | D5: 胜 | E5: 26 | F5: 记者 | G5: =VLOOKUP(F5,选手工资!$A:$T,11,FALSE) -> 3 | H5: 暗影萨满 | I5: 4 | J5: 12 | K5: 4 | L5: 8 | M5: 12 | N5: 0.615 | O5: 0.094 | P5: 5390 | Q5: 13 | R5: 2 | S5: 275 | T5: 399 | U5: 0 | V5: 195 | W5: 0 | X5: 6181 | Y5: 2422 | Z5: 14211 | AA5: 0.359 | AB5: 284 | AC5: 0.13888889 | AD5: 1 | AE5: 1793 | AF5: 6 | AG5: 350 | AH5: 1 | AI5: 1
A6: 260516 | B6: 3 | C6: 天辉 | D6: 胜 | E6: 26 | F6: 猪猪 | G6: =VLOOKUP(F6,选手工资!$A:$T,11,FALSE) -> 6.5 | H6: 祸乱之源 | I6: 5 | J6: 12 | K6: 1 | L6: 3 | M6: 10 | N6: 0.423 | O6: 0.112 | P6: 4833 | Q6: 22 | R6: 1 | S6: 251 | T6: 408 | U6: 2 | V6: 0 | W6: 0 | X6: 7386 | Y6: 42 | Z6: 14175 | AA6: 0.281 | AB6: 145 | AC6: 0.061805556 | AD6: 2 | AE6: 1250 | AF6: 6 | AG6: 550 | AH6: 0 | AI6: 6
A7: 260516 | B7: 3 | C7: 夜魇 | D7: 负 | E7: 16 | F7: 小孩 | G7: =VLOOKUP(F7,选手工资!$A:$T,11,FALSE) -> 7.5 | H7: 宙斯 | I7: 2 | J7: 12 | K7: 0 | L7: 7 | M7: 3 | N7: 0.188 | O7: 0.21 | P7: 7462 | Q7: 116 | R7: 7 | S7: 347 | T7: 407 | U7: 3 | V7: 0 | W7: 0 | X7: 10339 | Y7: 0 | Z7: 13798 | AA7: 0.233 | AB7: 629 | AC7: 0.15555556 | AD7: 8 | AE7: 3811 | AF7: 7 | AG7: 50 | AH7: 0 | AI7: 0
A8: 260516 | B8: 3 | C8: 夜魇 | D8: 负 | E8: 16 | F8: 博洋 | G8: =VLOOKUP(F8,选手工资!$A:$T,11,FALSE) -> 6 | H8: 孽主 | I8: 3 | J8: 13 | K8: 0 | L8: 5 | M8: 3 | N8: 0.188 | O8: 0.136 | P8: 8402 | Q8: 134 | R8: 24 | S8: 392 | T8: 449 | U8: 1 | V8: 0 | W8: 0 | X8: 6697 | Y8: 0 | Z8: 18644 | AA8: 0.301 | AB8: 680 | AC8: 0.10902778 | AD8: 13 | AE8: 3771 | AF8: 6 | AG8: 0 | AH8: 3 | AI8: 1
A9: 260516 | B9: 3 | C9: 夜魇 | D9: 负 | E9: 16 | F9: 马忠 | G9: =VLOOKUP(F9,选手工资!$A:$T,11,FALSE) -> 9.5 | H9: 虚空假面 | I9: 1 | J9: 13 | K9: 6 | L9: 6 | M9: 7 | N9: 0.813 | O9: 0.209 | P9: 8787 | Q9: 97 | R9: 7 | S9: 406 | T9: 468 | U9: 1 | V9: 125 | W9: 0 | X9: 10274 | Y9: 523 | Z9: 42220 | AA9: 0.357 | AB9: 454 | AC9: 0.11805556 | AD9: 12 | AE9: 3315 | AF9: 7 | AG9: 0 | AH9: 0 | AI9: 0
A10: 260516 | B10: 3 | C10: 夜魇 | D10: 负 | E10: 16 | F10: valar | G10: =VLOOKUP(F10,选手工资!$A:$T,11,FALSE) -> 5.5 | H10: 工程师 | I10: 4 | J10: 11 | K10: 6 | L10: 8 | M10: 7 | N10: 0.813 | O10: 0.337 | P10: 5544 | Q10: 39 | R10: 1 | S10: 291 | T10: 337 | U10: 0 | V10: 0 | W10: 0 | X10: 16614 | Y10: 471 | Z10: 13502 | AA10: 0.235 | AB10: 766 | AC10: 0.15625 | AD10: 14 | AE10: 3231 | AF10: 7 | AG10: 450 | AH10: 2 | AI10: 5
A11: 260516 | B11: 3 | C11: 夜魇 | D11: 负 | E11: 16 | F11: 阵容 | G11: =VLOOKUP(F11,选手工资!$A:$T,11,FALSE) -> 5 | H11: 树精卫士 | I11: 5 | J11: 11 | K11: 4 | L11: 0 | M11: 7 | N11: 0.688 | O11: 0.108 | P11: 4351 | Q11: 22 | R11: 3 | S11: 223 | T11: 340 | U11: 0 | V11: 3264 | W11: 0 | X11: 5342 | Y11: 0 | Z11: 6571 | AA11: 0.239 | AB11: 0 | AC11: 0 | AD11: 4 | AE11: 1922 | AF11: 6 | AG11: 300 | AH11: 1 | AI11: 2
A14: 比赛ID | B14: 8813389157
A15: 比赛时长 | B15: 21:59

Sheet 260516-4
A1: 日期 | B1: 场次 | C1: 阵营 | D1: 结果 | E1: 队伍击杀 | F1: 选手 | G1: 选手工资 | H1: 英雄 | I1: 位置 | J1: 等级 | K1: K | L1: D | M1: A | N1: 参战率 | O1: 输出占比 | P1: 财产 | Q1: 正补 | R1: 反补 | S1: GPM | T1: XPM | U1: 赏金神符 | V1: 治疗 | W1: 前哨 | X1: 英雄伤害 | Y1: 建筑伤害 | Z1: 承伤减免前 | AA1: 伤害减免比例 | AB1: 死亡损失金钱 | AC1: 死亡时间 | AD1: 挑选顺位 | AE1: 10分钟财产 | AF1: 10分钟等级 | AG1: 辅助道具金钱 | AH1: 堆野数 | AI1: 反眼数
A2: 260516 | B2: 4 | C2: 天辉 | D2: 负 | E2: 21 | F2: D | G2: =VLOOKUP(F2,选手工资!$A:$T,11,FALSE) -> 7.5 | H2: 斯拉达 | I2: 2 | J2: 23 | K2: 3 | L2: 6 | M2: 7 | N2: 0.476 | O2: 0.229 | P2: 21127 | Q2: 339 | R2: 11 | S2: 498 | T2: 677 | U2: 4 | V2: 0 | W2: 0 | X2: 18307 | Y2: 918 | Z2: 62247 | AA2: 0.448 | AB2: 1026 | AC2: 0.19305556 | AD2: 5 | AE2: 4162 | AF2: 9 | AG2: 100 | AH2: 3 | AI2: 3
A3: 260516 | B3: 4 | C3: 天辉 | D3: 负 | E3: 21 | F3: 记者 | G3: =VLOOKUP(F3,选手工资!$A:$T,11,FALSE) -> 3 | H3: 死亡先知 | I3: 3 | J3: 20 | K3: 2 | L3: 8 | M3: 6 | N3: 0.381 | O3: 0.19 | P3: 15488 | Q3: 224 | R3: 7 | S3: 380 | T3: 523 | U3: 0 | V3: 0 | W3: 1 | X3: 15230 | Y3: 1254 | Z3: 75831 | AA3: 0.559 | AB3: 2029 | AC3: 0.24305556 | AD3: 9 | AE3: 3448 | AF3: 6 | AG3: 0 | AH3: 1 | AI3: 2
A4: 260516 | B4: 4 | C4: 天辉 | D4: 负 | E4: 21 | F4: 马忠 | G4: =VLOOKUP(F4,选手工资!$A:$T,11,FALSE) -> 9.5 | H4: 露娜 | I4: 1 | J4: 24 | K4: 12 | L4: 7 | M4: 3 | N4: 0.714 | O4: 0.3 | P4: 26801 | Q4: 490 | R4: 8 | S4: 667 | T4: 721 | U4: 2 | V4: 0 | W4: 0 | X4: 24046 | Y4: 1671 | Z4: 74454 | AA4: 0.545 | AB4: 2650 | AC4: 0.2375 | AD4: 6 | AE4: 4788 | AF4: 6 | AG4: 0 | AH4: 1 | AI4: 0
A5: 260516 | B5: 4 | C5: 天辉 | D5: 负 | E5: 21 | F5: 博洋 | G5: =VLOOKUP(F5,选手工资!$A:$T,11,FALSE) -> 6 | H5: 水晶室女 | I5: 5 | J5: 19 | K5: 2 | L5: 6 | M5: 10 | N5: 0.571 | O5: 0.181 | P5: 12457 | Q5: 99 | R5: 1 | S5: 300 | T5: 434 | U5: 2 | V5: 0 | W5: 0 | X5: 14483 | Y5: 0 | Z5: 35996 | AA5: 0.421 | AB5: 1351 | AC5: 0.17638889 | AD5: 1 | AE5: 1819 | AF5: 6 | AG5: 1000 | AH5: 2 | AI5: 3
A6: 260516 | B6: 4 | C6: 天辉 | D6: 负 | E6: 21 | F6: 小队 | G6: =VLOOKUP(F6,选手工资!$A:$T,11,FALSE) -> 2 | H6: 森海飞霞 | I6: 4 | J6: 18 | K6: 2 | L6: 6 | M6: 11 | N6: 0.619 | O6: 0.1 | P6: 10435 | Q6: 63 | R6: 0 | S6: 298 | T6: 401 | U6: 2 | V6: 0 | W6: 0 | X6: 7969 | Y6: 379 | Z6: 28406 | AA6: 0.469 | AB6: 936 | AC6: 0.19027778 | AD6: 2 | AE6: 1604 | AF6: 5 | AG6: 900 | AH6: 0 | AI6: 3
A7: 260516 | B7: 4 | C7: 夜魇 | D7: 胜 | E7: 33 | F7: xian | G7: =VLOOKUP(F7,选手工资!$A:$T,11,FALSE) -> 10 | H7: 虚无之灵 | I7: 2 | J7: 25 | K7: 7 | L7: 4 | M7: 19 | N7: 0.788 | O7: 0.217 | P7: 24087 | Q7: 394 | R7: 14 | S7: 625 | T7: 807 | U7: 5 | V7: 0 | W7: 0 | X7: 29842 | Y7: 3584 | Z7: 56869 | AA7: 0.541 | AB7: 1337 | AC7: 0.11388889 | AD7: 7 | AE7: 3995 | AF7: 8 | AG7: 100 | AH7: 0 | AI7: 1
A8: 260516 | B8: 4 | C8: 夜魇 | D8: 胜 | E8: 33 | F8: 小孩 | G8: =VLOOKUP(F8,选手工资!$A:$T,11,FALSE) -> 7.5 | H8: 美杜莎 | I8: 1 | J8: 28 | K8: 9 | L8: 2 | M8: 11 | N8: 0.606 | O8: 0.291 | P8: 39702 | Q8: 659 | R8: 23 | S8: 900 | T8: 1098 | U8: 0 | V8: 0 | W8: 1 | X8: 40023 | Y8: 15158 | Z8: 53130 | AA8: 0.953 | AB8: 276 | AC8: 0.04375 | AD8: 10 | AE8: 4870 | AF8: 7 | AG8: 0 | AH8: 3 | AI8: 1
A9: 260516 | B9: 4 | C9: 夜魇 | D9: 胜 | E9: 33 | F9: 阵容 | G9: =VLOOKUP(F9,选手工资!$A:$T,11,FALSE) -> 5 | H9: 孽主 | I9: 3 | J9: 26 | K9: 6 | L9: 5 | M9: 18 | N9: 0.727 | O9: 0.128 | P9: 25228 | Q9: 364 | R9: 13 | S9: 600 | T9: 887 | U9: 4 | V9: 125 | W9: 0 | X9: 17658 | Y9: 5937 | Z9: 51361 | AA9: 0.574 | AB9: 1030 | AC9: 0.14236111 | AD9: 8 | AE9: 4472 | AF9: 6 | AG9: 80 | AH9: 0 | AI9: 1
A10: 260516 | B10: 4 | C10: 夜魇 | D10: 胜 | E10: 33 | F10: 老王 | G10: =VLOOKUP(F10,选手工资!$A:$T,11,FALSE) -> 1.5 | H10: 巫医 | I10: 5 | J10: 22 | K10: 3 | L10: 6 | M10: 21 | N10: 0.727 | O10: 0.103 | P10: 12521 | Q10: 31 | R10: 2 | S10: 304 | T10: 628 | U10: 1 | V10: 2631 | W10: 0 | X10: 14235 | Y10: 404 | Z10: 21988 | AA10: 0.17 | AB10: 618 | AC10: 0.17291667 | AD10: 4 | AE10: 2183 | AF10: 6 | AG10: 400 | AH10: 1 | AI10: 2
A11: 260516 | B11: 4 | C11: 夜魇 | D11: 胜 | E11: 33 | F11: 教练 | G11: =VLOOKUP(F11,选手工资!$A:$T,11,FALSE) -> 5 | H11: 宙斯 | I11: 4 | J11: 23 | K11: 8 | L11: 5 | M11: 22 | N11: 0.909 | O11: 0.261 | P11: 19153 | Q11: 177 | R11: 3 | S11: 454 | T11: 639 | U11: 3 | V11: 0 | W11: 0 | X11: 35883 | Y11: 1439 | Z11: 14828 | AA11: 0.242 | AB11: 471 | AC11: 0.10694444 | AD11: 3 | AE11: 2177 | AF11: 6 | AG11: 600 | AH11: 6 | AI11: 10
A14: 比赛ID | B14: 8813389157
A15: 比赛时长 | B15: 21:59

Sheet 260517-1
A1: 日期 | B1: 场次 | C1: 阵营 | D1: 结果 | E1: 队伍击杀 | F1: 选手 | G1: 工资 | H1: 英雄 | I1: 位置 | J1: 最终等级 | K1: 最终经济 | L1: 击杀 | M1: 死亡 | N1: 助攻 | O1: 参战率 | P1: 输出占比 | Q1: 正补 | R1: 反补 | S1: GPM | T1: XPM | U1: 赏金神符 | V1: 治疗 | W1: 前哨 | X1: 英雄伤害 | Y1: 建筑伤害 | Z1: 承伤减免前 | AA1: 伤害减免比例 | AB1: 死亡损失金钱 | AC1: 死亡时间 | AD1: 挑选顺位 | AE1: 10分钟财产 | AF1: 10分钟等级 | AG1: 辅助道具金钱 | AH1: 堆野数 | AI1: 反眼数
A2: 260517 | B2: 1 | C2: 天辉 | D2: 胜 | E2: 34 | F2: 阵容 | G2: 5 | H2: 复仇之魂 | I2: 2 | J2: 18 | K2: 13433 | L2: 6 | M2: 1 | N2: 13 | O2: 0.559 | P2: 0.178 | Q2: 130 | R2: 13 | S2: 485 | T2: 653 | U2: 3 | V2: 0 | W2: 0 | X2: 13306 | Y2: 3120 | Z2: 17193 | AA2: 0.497 | AB2: 37 | AC2: 0.017361111 | AD2: 9 | AE2: 2816 | AF2: 7 | AG2: 100 | AH2: 0 | AI2: 2
A3: 260517 | B3: 1 | C3: 天辉 | D3: 胜 | E3: 34 | F3: xian | G3: 10.5 | H3: 钢背兽 | I3: 3 | J3: 16 | K3: 14842 | L3: 6 | M3: 3 | N3: 11 | O3: 0.5 | P3: 0.226 | Q3: 195 | R3: 9 | S3: 533 | T3: 532 | U3: 4 | V3: 0 | W3: 0 | X3: 16919 | Y3: 2495 | Z3: 33950 | AA3: 0.547 | AB3: 309 | AC3: 0.072916667 | AD3: 5 | AE3: 4643 | AF3: 7 | AG3: 0 | AH3: 1 | AI3: 2
A4: 260517 | B4: 1 | C4: 天辉 | D4: 胜 | E4: 34 | F4: 坤坤 | G4: 3 | H4: 巫医 | I4: 5 | J4: 14 | K4: 8308 | L4: 3 | M4: 11 | N4: 13 | O4: 0.471 | P4: 0.134 | Q4: 11 | R4: 0 | S4: 316 | T4: 383 | U4: 3 | V4: 3159 | W4: 1 | X4: 9991 | Y4: 226 | Z4: 22188 | AA4: 0.421 | AB4: 534 | AC4: 0.17083333 | AD4: 6 | AE4: 1962 | AF4: 5 | AG4: 350 | AH4: 3 | AI4: 5
A5: 260517 | B5: 1 | C5: 天辉 | D5: 胜 | E5: 34 | F5: ldxy | G5: 5 | H5: 主宰 | I5: 1 | J5: 23 | K5: 24806 | L5: 14 | M5: 2 | N5: 3 | O5: 0.5 | P5: 0.266 | Q5: 376 | R5: 15 | S5: 869 | T5: 1052 | U5: 2 | V5: 5420 | W5: 0 | X5: 19923 | Y5: 12124 | Z5: 12108 | AA5: 0.461 | AB5: 198 | AC5: 0.038194444 | AD5: 1 | AE5: 4951 | AF5: 8 | AG5: 0 | AH5: 2 | AI5: 0
A6: 260517 | B6: 1 | C6: 天辉 | D6: 胜 | E6: 34 | F6: 小队 | G6: 1.5 | H6: 森海飞霞 | I6: 4 | J6: 15 | K6: 12013 | L6: 5 | M6: 1 | N6: 18 | O6: 0.676 | P6: 0.196 | Q6: 50 | R6: 1 | S6: 417 | T6: 452 | U6: 0 | V6: 0 | W6: 0 | X6: 14646 | Y6: 72 | Z6: 6802 | AA6: 0.359 | AB6: 48 | AC6: 0.017361111 | AD6: 2 | AE6: 2026 | AF6: 5 | AG6: 600 | AH6: 3 | AI6: 5
A7: 260517 | B7: 1 | C7: 夜魇 | D7: 负 | E7: 18 | F7: 小孩 | G7: 7 | H7: 莉娜 | I7: 2 | J7: 17 | K7: 12905 | L7: 8 | M7: 5 | N7: 3 | O7: 0.611 | P7: 0.251 | Q7: 204 | R7: 18 | S7: 484 | T7: 571 | U7: 1 | V7: 0 | W7: 0 | X7: 11969 | Y7: 865 | Z7: 18701 | AA7: 0.376 | AB7: 1049 | AC7: 0.15486111 | AD7: 10 | AE7: 4964 | AF7: 9 | AG7: 100 | AH7: 0 | AI7: 2
A8: 260517 | B8: 1 | C8: 夜魇 | D8: 负 | E8: 18 | F8: 之后 | G8: 3 | H8: 巫妖 | I8: 5 | J8: 10 | K8: 4363 | L8: 0 | M8: 11 | N8: 5 | O8: 0.278 | P8: 0.165 | Q8: 16 | R8: 8 | S8: 165 | T8: 221 | U8: 0 | V8: 0 | W8: 0 | X8: 7897 | Y8: 0 | Z8: 19179 | AA8: 0.278 | AB8: 371 | AC8: 0.18194444 | AD8: 3 | AE8: 1546 | AF8: 5 | AG8: 450 | AH8: 1 | AI8: 2
A9: 260517 | B9: 1 | C9: 夜魇 | D9: 负 | E9: 18 | F9: 机器人 | G9: 7.5 | H9: 孽主 | I9: 3 | J9: 14 | K9: 10249 | L9: 6 | M9: 8 | N9: 8 | O9: 0.778 | P9: 0.227 | Q9: 141 | R9: 2 | S9: 385 | T9: 392 | U9: 0 | V9: 125 | W9: 0 | X9: 10839 | Y9: 0 | Z9: 32726 | AA9: 0.416 | AB9: 1120 | AC9: 0.19722222 | AD9: 7 | AE9: 4539 | AF9: 6 | AG9: 0 | AH9: 0 | AI9: 0
A10: 260517 | B10: 1 | C10: 夜魇 | D10: 负 | E10: 18 | F10: xinq | G10: 2 | H10: 电炎绝手 | I10: 4 | J10: 11 | K10: 6308 | L10: 4 | M10: 5 | N10: 12 | O10: 0.889 | P10: 0.23 | Q10: 47 | R10: 0 | S10: 267 | T10: 279 | U10: 1 | V10: 701 | W10: 0 | X10: 10996 | Y10: 239 | Z10: 15416 | AA10: 0.325 | AB10: 337 | AC10: 0.10486111 | AD10: 4 | AE10: 2632 | AF10: 6 | AG10: 450 | AH10: 0 | AI10: 4
A11: 260517 | B11: 1 | C11: 夜魇 | D11: 负 | E11: 18 | F11: 博洋 | G11: 5.5 | H11: 虚空假面 | I11: 1 | J11: 17 | K11: 10736 | L11: 0 | M11: 5 | N11: 7 | O11: 0.389 | P11: 0.127 | Q11: 199 | R11: 13 | S11: 395 | T11: 550 | U11: 1 | V11: 0 | W11: 0 | X11: 6052 | Y11: 234 | Z11: 31784 | AA11: 0.379 | AB11: 936 | AC11: 0.11319444 | AD11: 8 | AE11: 3103 | AF11: 7 | AG11: 0 | AH11: 0 | AI11: 1
A14: 比赛ID | B14: 8814719546
A15: 比赛时长 | B15: 28:34

Sheet 260517-2
A1: 日期 | B1: 场次 | C1: 阵营 | D1: 结果 | E1: 队伍击杀 | F1: 选手 | G1: 选手工资 | H1: 英雄 | I1: 位置 | J1: 等级 | K1: K | L1: D | M1: A | N1: 参战率 | O1: 输出占比 | P1: 财产 | Q1: 正补 | R1: 反补 | S1: GPM | T1: XPM | U1: 赏金神符 | V1: 治疗 | W1: 前哨 | X1: 英雄伤害 | Y1: 建筑伤害 | Z1: 承伤减免前 | AA1: 伤害减免比例 | AB1: 死亡损失金钱 | AC1: 死亡时间 | AD1: 挑选顺位 | AE1: 10分钟财产 | AF1: 10分钟等级 | AG1: 辅助道具金钱 | AH1: 堆野数 | AI1: 反眼数
A2: 260517 | B2: 2 | C2: 天辉 | D2: 负 | E2: 43 | F2: 小孩 | G2: 7 | H2: 孽主 | I2: 3 | J2: 25 | K2: 8 | L2: 9 | M2: 18 | N2: 0.605 | O2: 0.189 | P2: 21187 | Q2: 230 | R2: 33 | S2: 497 | T2: 746 | U2: 2 | V2: 0 | W2: 1 | X2: 26407 | Y2: 393 | Z2: 75829 | AA2: 0.474 | AB2: 2658 | AC2: 0.43055556 | AD2: 1 | AE2: 3576 | AF2: 6 | AG2: 50 | AH2: 1 | AI2: 0
A3: 260517 | B3: 2 | C3: 天辉 | D3: 负 | E3: 43 | F3: 关羽 | G3: 7 | H3: 虚无之灵 | I3: 2 | J3: 24 | K3: 13 | L3: 7 | M3: 11 | N3: 0.558 | O3: 0.277 | P3: 21088 | Q3: 299 | R3: 12 | S3: 519 | T3: 653 | U3: 5 | V3: 0 | W3: 0 | X3: 38724 | Y3: 1087 | Z3: 88457 | AA3: 0.536 | AB3: 2252 | AC3: 0.28194444 | AD3: 9 | AE3: 4559 | AF3: 9 | AG3: 50 | AH3: 1 | AI3: 0
A4: 260517 | B4: 2 | C4: 天辉 | D4: 负 | E4: 43 | F4: ldxy | G4: 5 | H4: 主宰 | I4: 1 | J4: 28 | K4: 11 | L4: 8 | M4: 14 | N4: 0.581 | O4: 0.309 | P4: 30181 | Q4: 588 | R4: 15 | S4: 751 | T4: 1115 | U4: 1 | V4: 2906 | W4: 0 | X4: 43167 | Y4: 1270 | Z4: 80718 | AA4: 0.571 | AB4: 3565 | AC4: 0.25625 | AD4: 5 | AE4: 4624 | AF4: 7 | AG4: 0 | AH4: 0 | AI4: 3
A5: 260517 | B5: 2 | C5: 天辉 | D5: 负 | E5: 43 | F5: 机器人 | G5: 7.5 | H5: 暗影萨满 | I5: 4 | J5: 22 | K5: 5 | L5: 15 | M5: 22 | N5: 0.628 | O5: 0.102 | P5: 12992 | Q5: 102 | R5: 4 | S5: 352 | T5: 542 | U5: 2 | V5: 125 | W5: 0 | X5: 14178 | Y5: 384 | Z5: 46816 | AA5: 0.445 | AB5: 2326 | AC5: 0.44930556 | AD5: 6 | AE5: 1800 | AF5: 5 | AG5: 1150 | AH5: 0 | AI5: 7
A6: 260517 | B6: 2 | C6: 天辉 | D6: 负 | E6: 43 | F6: 小队 | G6: 1.5 | H6: 巫妖 | I6: 5 | J6: 21 | K6: 5 | L6: 10 | M6: 26 | N6: 0.721 | O6: 0.123 | P6: 11210 | Q6: 39 | R6: 10 | S6: 321 | T6: 505 | U6: 1 | V6: 0 | W6: 0 | X6: 17125 | Y6: 46 | Z6: 33639 | AA6: 0.396 | AB6: 1716 | AC6: 0.26805556 | AD6: 2 | AE6: 2302 | AF6: 6 | AG6: 900 | AH6: 0 | AI6: 5
A7: 260517 | B7: 2 | C7: 夜魇 | D7: 胜 | E7: 49 | F7: 教练 | G7: 5.5 | H7: 邪影芳灵 | I7: 4 | J7: 22 | K7: 10 | L7: 12 | M7: 13 | N7: 0.469 | O7: 0.092 | P7: 19393 | Q7: 91 | R7: 2 | S7: 448 | T7: 568 | U7: 2 | V7: 1085 | W7: 0 | X7: 14828 | Y7: 633 | Z7: 37558 | AA7: 0.393 | AB7: 2656 | AC7: 0.34583333 | AD7: 3 | AE7: 2697 | AF7: 5 | AG7: 950 | AH7: 1 | AI7: 11
A8: 260517 | B8: 2 | C8: 夜魇 | D8: 胜 | E8: 49 | F8: xian | G8: 10.5 | H8: 帕克 | I8: 2 | J8: 29 | K8: 17 | L8: 4 | M8: 25 | N8: 0.857 | O8: 0.494 | P8: 34302 | Q8: 364 | R8: 6 | S8: 737 | T8: 1189 | U8: 5 | V8: 0 | W8: 0 | X8: 79885 | Y8: 7706 | Z8: 54886 | AA8: 0.496 | AB8: 1351 | AC8: 0.14652778 | AD8: 7 | AE8: 3613 | AF8: 8 | AG8: 950 | AH8: 1 | AI8: 3
A9: 260517 | B9: 2 | C9: 夜魇 | D9: 胜 | E9: 49 | F9: 之后 | G9: 3 | H9: 莱恩 | I9: 5 | J9: 25 | K9: 6 | L9: 9 | M9: 17 | N9: 0.469 | O9: 0.075 | P9: 15514 | Q9: 39 | R9: 1 | S9: 371 | T9: 711 | U9: 0 | V9: 0 | W9: 2 | X9: 12062 | Y9: 283 | Z9: 41946 | AA9: 0.446 | AB9: 1138 | AC9: 0.24097222 | AD9: 4 | AE9: 1914 | AF9: 5 | AG9: 700 | AH9: 1 | AI9: 4
A10: 260517 | B10: 2 | C10: 夜魇 | D10: 胜 | E10: 49 | F10: 博洋 | G10: 5.5 | H10: 炼金术士 | I10: 1 | J10: 27 | K10: 5 | L10: 5 | M10: 19 | N10: 0.49 | O10: 0.161 | P10: 28380 | Q10: 436 | R10: 15 | S10: 785 | T10: 982 | U10: 5 | V10: 0 | W10: 0 | X10: 26131 | Y10: 8382 | Z10: 76450 | AA10: 0.523 | AB10: 1351 | AC10: 0.18541667 | AD10: 10 | AE10: 4241 | AF10: 6 | AG10: 150 | AH10: 4 | AI10: 3
A11: 260517 | B11: 2 | C11: 夜魇 | D11: 胜 | E11: 49 | F11: 记者 | G11: 3.5 | H11: 复仇之魂 | I11: 3 | J11: 27 | K11: 9 | L11: 13 | M11: 19 | N11: 0.571 | O11: 0.179 | P11: 28339 | Q11: 243 | R11: 13 | S11: 542 | T11: 927 | U11: 3 | V11: 0 | W11: 0 | X11: 28950 | Y11: 10994 | Z11: 70124 | AA11: 0.58 | AB11: 2667 | AC11: 0.44722222 | AD11: 8 | AE11: 3667 | AF11: 6 | AG11: 0 | AH11: 3 | AI11: 0
A14: 比赛ID | B14: 8814798529
A15: 比赛时长 | B15: 49:07

Sheet 260517-3
A1: 日期 | B1: 场次 | C1: 阵营 | D1: 结果 | E1: 队伍击杀 | F1: 选手 | G1: 选手工资 | H1: 英雄 | I1: 位置 | J1: 等级 | K1: K | L1: D | M1: A | N1: 参战率 | O1: 输出占比 | P1: 财产 | Q1: 正补 | R1: 反补 | S1: GPM | T1: XPM | U1: 赏金神符 | V1: 治疗 | W1: 前哨 | X1: 英雄伤害 | Y1: 建筑伤害 | Z1: 承伤减免前 | AA1: 伤害减免比例 | AB1: 死亡损失金钱 | AC1: 死亡时间 | AD1: 挑选顺位 | AE1: 10分钟财产 | AF1: 10分钟等级 | AG1: 辅助道具金钱 | AH1: 堆野数 | AI1: 反眼数
